dataset,missing_type,missing_rate,variant,seed,batches,route_entropy,route_effective_groups,out_a_norm,out_b_norm,out_ab_cosine,proj_a_weight_norm,proj_b_weight_norm,gate_mean,gate_std,gate_group_mean,route_top1_counts
Electricity,random_point,0.5,fuse,2024,5,0.8470907211303711,2.1727163791656494,22.96375617980957,19.49068374633789,0.1830414742231369,10.922358512878418,15.06930160522461,,,,65.0000|87.0000|121.0000|48.0000
Electricity,random_point,0.5,fuse,2025,5,0.8256018757820129,2.0926578044891357,24.75767402648926,19.92619400024414,0.26037716269493105,11.037195205688477,15.088568687438965,,,,93.0000|68.0000|60.0000|100.0000
Traffic,continuous_segment,0.7,fuse,2024,5,0.7519968748092651,1.942400336265564,24.055665588378908,29.784178924560546,0.36901953220367434,8.598525047302246,12.641286849975586,,,,84.0000|121.0000|317.0000|340.0000
Traffic,continuous_segment,0.7,fuse,2025,5,0.7429327964782715,1.926561713218689,21.58170928955078,24.346206283569337,0.37932905554771423,8.434345245361328,12.876338958740234,,,,147.0000|153.0000|251.0000|311.0000
Traffic,random_point,0.3,fuse,2024,5,1.0614813566207886,2.6564271450042725,25.27898292541504,16.831111907958984,0.46918376684188845,7.011711120605469,9.488243103027344,,,,89.0000|289.0000|252.0000|232.0000
Traffic,random_point,0.3,fuse,2025,5,0.9861104488372803,2.428615093231201,27.977893447875978,29.829319381713866,0.3909021556377411,9.74583625793457,13.348531723022461,,,,178.0000|265.0000|265.0000|154.0000
Traffic,random_point,0.5,fuse,2024,5,0.8892333507537842,2.165087938308716,27.951448822021483,24.15823097229004,0.32432801723480226,9.9503812789917,12.607086181640625,,,,274.0000|78.0000|298.0000|212.0000
Traffic,random_point,0.5,fuse,2025,5,0.9620830416679382,2.4333863258361816,23.66221389770508,24.925901412963867,0.34262768626213075,9.315299034118652,13.540937423706055,,,,139.0000|307.0000|86.0000|330.0000
Weather,continuous_segment,0.5,fuse,2024,5,1.025709867477417,2.6624984741210938,15.611814880371094,20.339349365234376,0.3861209869384766,6.415410995483398,7.290547847747803,,,,8.0000|7.0000|0.0000|6.0000
Weather,continuous_segment,0.5,fuse,2025,5,1.0743764638900757,2.831249475479126,16.471960067749023,21.546999740600587,0.41136832237243653,6.4544501304626465,7.4925713539123535,,,,9.0000|0.0000|1.0000|11.0000
Weather,continuous_segment,0.7,fuse,2024,5,1.0064321756362915,2.655243396759033,24.777477645874022,14.98908576965332,0.40850231647491453,7.3533453941345215,7.381982326507568,,,,4.0000|5.0000|7.0000|5.0000
Weather,continuous_segment,0.7,fuse,2025,5,1.0513259172439575,2.7345800399780273,21.208272171020507,15.297161865234376,0.30508718490600584,7.0184102058410645,7.102761268615723,,,,11.0000|3.0000|0.0000|7.0000
Weather,random_point,0.5,fuse,2024,5,0.9137973189353943,2.23098087310791,20.709567260742187,18.718143653869628,0.4114320933818817,7.107363700866699,8.405570983886719,,,,2.0000|6.0000|3.0000|10.0000
Weather,random_point,0.5,fuse,2025,5,0.9864782094955444,2.4450857639312744,18.993284225463867,16.94276866912842,0.5460233807563781,6.590602397918701,7.935865879058838,,,,5.0000|5.0000|5.0000|6.0000
Traffic,continuous_segment,0.7,soft,2024,5,0.7656083106994629,1.9545540809631348,,,,,,,,,124.0000|126.0000|263.0000|349.0000
Traffic,continuous_segment,0.7,soft,2025,5,0.806732177734375,2.1093575954437256,,,,,,,,,404.0000|66.0000|290.0000|102.0000
Traffic,random_point,0.3,soft,2024,5,1.0016155242919922,2.4611825942993164,,,,,,,,,240.0000|232.0000|141.0000|249.0000
Traffic,random_point,0.3,soft,2025,5,0.9725037217140198,2.397244930267334,,,,,,,,,284.0000|182.0000|181.0000|215.0000
Traffic,random_point,0.5,soft,2024,5,0.9242934584617615,2.276857852935791,,,,,,,,,270.0000|240.0000|110.0000|242.0000
Traffic,random_point,0.5,soft,2025,5,0.9970278143882751,2.4963126182556152,,,,,,,,,347.0000|200.0000|153.0000|162.0000
Weather,continuous_segment,0.5,soft,2024,5,1.1142719984054565,2.86979603767395,,,,,,,,,7.0000|3.0000|6.0000|5.0000
Weather,continuous_segment,0.5,soft,2025,5,1.1215226650238037,2.86012864112854,,,,,,,,,5.0000|8.0000|2.0000|6.0000
Weather,continuous_segment,0.7,soft,2024,5,1.1822054386138916,3.0014045238494873,,,,,,,,,6.0000|6.0000|5.0000|4.0000
Weather,continuous_segment,0.7,soft,2025,5,1.1906791925430298,3.0614659786224365,,,,,,,,,5.0000|6.0000|0.0000|10.0000
Electricity,continuous_segment,0.5,ggate,2024,5,0.7025951743125916,1.9159873723983765,13.724832153320312,9.422138595581055,-0.04556035101413727,,,0.4449479579925537,0.01311631128191948,0.4421|0.4663|0.4304|0.4409,52.0000|70.0000|147.0000|52.0000
Electricity,continuous_segment,0.5,ggate,2025,5,0.4449145197868347,1.4502803087234497,13.434896087646484,12.914699745178222,-0.03942892998456955,,,0.45162948966026306,0.01721321977674961,0.4399|0.4667|0.4297|0.4701,102.0000|71.0000|90.0000|58.0000
Electricity,random_point,0.5,ggate,2024,5,0.8589813709259033,2.2010838985443115,13.322054862976074,8.225590896606445,-0.04669746458530426,,,0.4869975447654724,0.005552269052714109,0.4783|0.4862|0.4914|0.4922,106.0000|66.0000|104.0000|45.0000
Electricity,random_point,0.5,ggate,2025,5,0.7788976430892944,1.958914875984192,15.9557466506958,12.585802459716797,-0.15462120175361632,,,0.46887192130088806,0.010381932370364666,0.4664|0.4855|0.4666|0.4569,112.0000|90.0000|52.0000|67.0000
Traffic,continuous_segment,0.7,ggate,2024,5,0.7438229918479919,1.8864487409591675,14.930070877075195,11.432848930358887,-0.18740732073783875,,,0.47890156507492065,0.012230497784912586,0.4994|0.4673|0.4731|0.4758,118.0000|252.0000|342.0000|150.0000
Traffic,continuous_segment,0.7,ggate,2025,5,0.7342090606689453,1.8935457468032837,15.376845932006836,10.88343563079834,-0.2737534284591675,,,0.48233914375305176,0.009413562715053558,0.4904|0.4679|0.4910|0.4801,301.0000|281.0000|130.0000|150.0000
Traffic,random_point,0.3,ggate,2024,5,1.0280678272247314,2.540665864944458,18.213912582397462,15.264443397521973,-0.29377689957618713,,,0.49373888969421387,0.006253183353692293,0.5025|0.4851|0.4920|0.4953,202.0000|224.0000|338.0000|98.0000
Traffic,random_point,0.3,ggate,2025,5,0.9727963209152222,2.375156879425049,14.39324131011963,11.70660343170166,-0.12493294924497604,,,0.4753832221031189,0.006524049211293459,0.4865|0.4709|0.4734|0.4707,228.0000|251.0000|270.0000|113.0000
Traffic,random_point,0.5,ggate,2024,5,0.8222410082817078,2.0424411296844482,17.364072418212892,13.650293350219727,-0.2734131872653961,,,0.4807913303375244,0.007672564126551151,0.4926|0.4712|0.4801|0.4793,217.0000|170.0000|272.0000|203.0000
Traffic,random_point,0.5,ggate,2025,5,0.9440774917602539,2.3446216583251953,16.898440551757812,16.00005531311035,-0.30475170612335206,,,0.48619183897972107,0.010783473961055279,0.4988|0.4694|0.4912|0.4854,260.0000|202.0000|236.0000|164.0000
Traffic,random_point,0.7,ggate,2024,5,0.912093460559845,2.253136396408081,17.092528915405275,13.691899490356445,-0.309884512424469,,,0.48570936918258667,0.007872739806771278,0.4991|0.4788|0.4819|0.4831,210.0000|180.0000|309.0000|163.0000
Traffic,random_point,0.7,ggate,2025,5,0.8812639117240906,2.1531143188476562,17.808988952636717,15.317639541625976,-0.21882579624652862,,,0.48885592818260193,0.009526820853352547,0.5029|0.4761|0.4878|0.4886,106.0000|314.0000|227.0000|215.0000
Weather,continuous_segment,0.3,ggate,2024,5,0.8311575055122375,2.1868088245391846,20.294304275512694,19.27423553466797,0.36161736845970155,,,0.4973927438259125,0.006408287212252617,0.4994|0.5062|0.4886|0.4953,4.0000|6.0000|11.0000|0.0000
Weather,continuous_segment,0.3,ggate,2025,5,1.0594888925552368,2.7776732444763184,10.219796562194825,13.622990226745605,0.208594211935997,,,0.501455545425415,0.009489281103014946,0.5062|0.5143|0.4956|0.4897,9.0000|0.0000|8.0000|4.0000
Weather,continuous_segment,0.5,ggate,2024,5,1.0075078010559082,2.520942449569702,10.406313133239745,13.417131614685058,0.17550156116485596,,,0.5015115737915039,0.007062519434839487,0.5044|0.5117|0.4936|0.4964,9.0000|0.0000|12.0000|0.0000
Weather,continuous_segment,0.5,ggate,2025,5,1.0347319841384888,2.7201039791107178,9.53358154296875,15.162116050720215,0.20490863025188447,,,0.4983644485473633,0.0062635112553834915,0.4986|0.5085|0.4930|0.4933,9.0000|0.0000|6.0000|6.0000
Weather,continuous_segment,0.7,ggate,2024,5,1.0006945133209229,2.6529927253723145,12.635115623474121,12.218002319335938,0.19074421525001525,,,0.5102589130401611,0.006738198921084404,0.5202|0.5049|0.5033|0.5127,3.0000|6.0000|6.0000|6.0000
Weather,continuous_segment,0.7,ggate,2025,5,1.0584521293640137,2.759159803390503,10.294465637207031,10.484051704406738,0.1685563862323761,,,0.5023930072784424,0.007403983268886805,0.5029|0.5141|0.4980|0.4945,11.0000|0.0000|4.0000|6.0000
Weather,random_point,0.5,ggate,2024,5,0.9343795776367188,2.4148826599121094,10.407282066345214,11.613640785217285,0.18889408111572265,,,0.4954218864440918,0.003204234642907977,0.4941|0.5000|0.4912|0.4964,3.0000|11.0000|3.0000|4.0000
Weather,random_point,0.5,ggate,2025,5,0.8938236236572266,2.231712818145752,11.87878246307373,12.174006271362305,0.1432580217719078,,,0.5009514689445496,0.007535056211054325,0.4945|0.5136|0.4960|0.4997,5.0000|4.0000|6.0000|6.0000
Electricity,continuous_segment,0.5,mgate,2024,5,0.649312436580658,1.7717839479446411,17.76437759399414,8.08923511505127,-0.011249739117920399,,,0.32183111310005186,0.00967808924615383,0.3218|0.3218|0.3218|0.3219,58.0000|62.0000|79.0000|122.0000
Electricity,continuous_segment,0.5,mgate,2025,5,0.7029404640197754,1.8267323970794678,18.417948532104493,8.38292236328125,-0.042431601136922834,,,0.3240003764629364,0.025874951109290122,0.3240|0.3240|0.3240|0.3240,78.0000|67.0000|102.0000|74.0000
Electricity,random_point,0.5,mgate,2024,5,0.7846375107765198,1.9805078506469727,20.004989624023438,8.684963798522949,-0.07110263854265213,,,0.3272807240486145,0.0012547125108540059,0.3273|0.3273|0.3273|0.3273,64.0000|89.0000|69.0000|99.0000
Electricity,random_point,0.5,mgate,2025,5,0.740304172039032,1.8996762037277222,21.146848678588867,9.730886459350586,-0.1660407543182373,,,0.34601808786392213,0.002085484331473708,0.3460|0.3460|0.3460|0.3460,79.0000|99.0000|87.0000|56.0000
Traffic,continuous_segment,0.7,mgate,2024,5,0.7902792096138,1.9759234189987183,19.209786224365235,12.54451026916504,-0.2187592089176178,,,0.36741551756858826,0.04568609669804573,0.3675|0.3675|0.3673|0.3673,229.0000|141.0000|202.0000|290.0000
Traffic,continuous_segment,0.7,mgate,2025,5,0.7644307017326355,1.9672378301620483,15.567423248291016,7.351208019256592,-0.17258017063140868,,,0.3085466206073761,0.053029191493988034,0.3085|0.3086|0.3086|0.3085,192.0000|151.0000|259.0000|260.0000
Traffic,random_point,0.3,mgate,2024,5,1.0019941329956055,2.479132890701294,18.828147888183594,11.3970703125,-0.23395490646362305,,,0.388404905796051,0.0017477133078500628,0.3884|0.3884|0.3884|0.3884,288.0000|126.0000|222.0000|226.0000
Traffic,random_point,0.3,mgate,2025,5,0.9545859694480896,2.3738579750061035,16.304700469970705,10.665996551513672,-0.14455317854881286,,,0.351538747549057,0.0008026921190321445,0.3515|0.3515|0.3515|0.3515,347.0000|200.0000|156.0000|159.0000
Traffic,random_point,0.5,mgate,2024,5,0.9808834195137024,2.3509647846221924,18.763306045532225,13.052449035644532,-0.17006995379924775,,,0.44103822112083435,0.0008474414469674229,0.4410|0.4410|0.4410|0.4410,267.0000|281.0000|164.0000|150.0000
Traffic,random_point,0.5,mgate,2025,5,0.9512784481048584,2.3547816276550293,16.57532501220703,9.930010032653808,-0.1443403869867325,,,0.3575574100017548,0.0007777757360599935,0.3576|0.3576|0.3576|0.3576,170.0000|250.0000|180.0000|262.0000
Traffic,random_point,0.7,mgate,2024,5,0.8929269313812256,2.1572561264038086,21.977653121948244,12.298429107666015,-0.15860845148563385,,,0.37926578521728516,0.0004659660335164517,0.3793|0.3793|0.3793|0.3793,274.0000|163.0000|188.0000|237.0000
Traffic,random_point,0.7,mgate,2025,5,0.9348598718643188,2.3389229774475098,15.570210075378418,9.330486679077149,-0.12408004254102707,,,0.3416545569896698,0.000804011186119169,0.3417|0.3417|0.3417|0.3417,162.0000|290.0000|113.0000|297.0000
Weather,continuous_segment,0.3,mgate,2024,5,1.0090018510818481,2.6987662315368652,15.077551078796386,16.414880752563477,0.22039399147033692,,,0.4675184488296509,0.019390302896499633,0.4677|0.4677|0.4683|0.4663,2.0000|2.0000|11.0000|6.0000
Weather,continuous_segment,0.3,mgate,2025,5,0.8241297602653503,2.1794538497924805,12.486296844482421,14.039582252502441,0.3383009731769562,,,0.45925660729408263,0.03290238380432129,0.4597|0.4608|0.4602|0.4563,8.0000|1.0000|12.0000|0.0000
Weather,continuous_segment,0.5,mgate,2024,5,1.01526939868927,2.648453950881958,8.474907302856446,10.084367561340333,0.1910883903503418,,,0.42968134880065917,0.021535668149590494,0.4315|0.4309|0.4313|0.4250,0.0000|0.0000|12.0000|9.0000
Weather,continuous_segment,0.5,mgate,2025,5,0.9514803290367126,2.397148609161377,9.977839851379395,11.875073623657226,0.2943694829940796,,,0.42477111220359803,0.018860138207674026,0.4256|0.4257|0.4253|0.4225,6.0000|0.0000|12.0000|3.0000
Weather,continuous_segment,0.7,mgate,2024,5,1.009000301361084,2.5655910968780518,11.617643356323242,8.86878776550293,0.23150083422660828,,,0.46929537653923037,0.08934761136770249,0.4603|0.4629|0.4649|0.4890,2.0000|8.0000|11.0000|0.0000
Weather,continuous_segment,0.7,mgate,2025,5,0.9987215399742126,2.5644569396972656,10.642781829833984,9.99565372467041,0.2091023087501526,,,0.46762687563896177,0.13676128685474395,0.4622|0.4637|0.4651|0.4794,2.0000|8.0000|5.0000|6.0000
Weather,random_point,0.5,mgate,2024,5,0.790675699710846,1.9305589199066162,12.05577220916748,10.836917495727539,0.18187146186828612,,,0.43311135172843934,0.05574064180254936,0.4375|0.4383|0.4380|0.4187,9.0000|6.0000|3.0000|3.0000
Weather,random_point,0.5,mgate,2025,5,0.7339140176773071,1.938551425933838,12.776117324829102,12.910507583618164,0.1841759353876114,,,0.4543959379196167,0.05657393857836723,0.4591|0.4588|0.4587|0.4409,9.0000|1.0000|7.0000|4.0000
Electricity,continuous_segment,0.5,sgate,2024,5,0.7004188299179077,1.9086681604385376,14.22670955657959,8.946234321594238,-0.02092874012887478,,,0.41890352964401245,0.0,0.4189|0.4189|0.4189|0.4189,48.0000|70.0000|153.0000|50.0000
Electricity,continuous_segment,0.5,sgate,2025,5,0.4645242989063263,1.4696987867355347,13.94972267150879,12.283380699157714,-0.04410579651594162,,,0.4202870726585388,0.0,0.4203|0.4203|0.4203|0.4203,102.0000|68.0000|94.0000|57.0000
Electricity,random_point,0.5,sgate,2024,5,0.8488391041755676,2.179839611053467,13.355143165588379,8.211373710632325,-0.043510348349809644,,,0.48447370529174805,0.0,0.4845|0.4845|0.4845|0.4845,105.0000|61.0000|103.0000|52.0000
Electricity,random_point,0.5,sgate,2025,5,0.7754063010215759,1.9579771757125854,16.813779067993163,11.775841331481933,-0.15183278322219848,,,0.434127539396286,0.0,0.4341|0.4341|0.4341|0.4341,104.0000|96.0000|50.0000|71.0000
Traffic,continuous_segment,0.7,sgate,2024,5,0.7549898624420166,1.9103530645370483,15.77304515838623,10.335699272155761,-0.18107008635997773,,,0.43128249049186707,0.0,0.4313|0.4313|0.4313|0.4313,116.0000|257.0000|337.0000|152.0000
Traffic,continuous_segment,0.7,sgate,2025,5,0.7292162775993347,1.8853195905685425,16.170193481445313,10.304588508605956,-0.2687855839729309,,,0.4531993865966797,0.0,0.4532|0.4532|0.4532|0.4532,304.0000|284.0000|137.0000|137.0000
Traffic,random_point,0.3,sgate,2024,5,0.9716084003448486,2.3783295154571533,16.857680130004884,13.693792915344238,-0.23230440318584442,,,0.4555813670158386,0.0,0.4556|0.4556|0.4556|0.4556,203.0000|195.0000|317.0000|147.0000
Traffic,random_point,0.3,sgate,2025,5,0.9574409127235413,2.3281283378601074,15.918155288696289,11.824167442321777,-0.1247434914112091,,,0.4417707622051239,0.0,0.4418|0.4418|0.4418|0.4418,203.0000|230.0000|296.0000|133.0000
Traffic,random_point,0.5,sgate,2024,5,0.8517298698425293,2.1025638580322266,18.497882843017578,13.043012046813965,-0.2738193839788437,,,0.4417102336883545,0.0,0.4417|0.4417|0.4417|0.4417,213.0000|158.0000|289.0000|202.0000
Traffic,random_point,0.5,sgate,2025,5,0.9393599629402161,2.3310012817382812,18.432907485961913,15.768514823913574,-0.30679481029510497,,,0.45691582560539246,0.0,0.4569|0.4569|0.4569|0.4569,262.0000|194.0000|242.0000|164.0000
Traffic,random_point,0.7,sgate,2024,5,0.8876819610595703,2.2114017009735107,18.07751350402832,13.261098289489746,-0.29409037828445433,,,0.4474032521247864,0.0,0.4474|0.4474|0.4474|0.4474,203.0000|187.0000|292.0000|180.0000
Traffic,random_point,0.7,sgate,2025,5,0.9505621790885925,2.3351242542266846,17.149842834472658,14.437020301818848,-0.229293030500412,,,0.4672728180885315,0.0,0.4673|0.4673|0.4673|0.4673,137.0000|300.0000|238.0000|187.0000
Weather,continuous_segment,0.3,sgate,2024,5,1.0531681776046753,2.782677173614502,11.540157890319824,11.514751625061034,0.23444584310054778,,,0.5017297267913818,0.0,0.5017|0.5017|0.5017|0.5017,9.0000|0.0000|12.0000|0.0000
Weather,continuous_segment,0.3,sgate,2025,5,1.0576075315475464,2.787487745285034,10.35994358062744,14.40713005065918,0.21210935413837434,,,0.5005497932434082,0.0,0.5005|0.5005|0.5005|0.5005,9.0000|1.0000|8.0000|3.0000
Weather,continuous_segment,0.5,sgate,2024,5,1.018452763557434,2.5581655502319336,10.3797025680542,12.383140563964844,0.1743929773569107,,,0.4899507164955139,0.0,0.4900|0.4900|0.4900|0.4900,9.0000|0.0000|12.0000|0.0000
Weather,continuous_segment,0.5,sgate,2025,5,1.0325369834899902,2.695464849472046,9.663747215270996,14.605904960632325,0.20600666999816894,,,0.48852723836898804,0.0,0.4885|0.4885|0.4885|0.4885,7.0000|2.0000|6.0000|6.0000
Weather,continuous_segment,0.7,sgate,2024,5,1.022112488746643,2.6970205307006836,11.12896556854248,11.148219299316406,0.1705855369567871,,,0.49707913398742676,0.0,0.4971|0.4971|0.4971|0.4971,0.0000|11.0000|5.0000|5.0000
Weather,continuous_segment,0.7,sgate,2025,5,1.0835344791412354,2.7931032180786133,8.391803550720216,9.393983840942383,0.13149023801088333,,,0.48927730321884155,0.0,0.4893|0.4893|0.4893|0.4893,10.0000|0.0000|2.0000|9.0000
Weather,random_point,0.5,sgate,2024,5,0.9276393055915833,2.476287841796875,11.00576400756836,11.026595306396484,0.22073126435279847,,,0.48927927017211914,0.0,0.4893|0.4893|0.4893|0.4893,3.0000|11.0000|2.0000|5.0000
Weather,random_point,0.5,sgate,2025,5,0.9002605080604553,2.1789958477020264,13.261799240112305,14.739591598510742,0.23591403365135194,,,0.49831002950668335,0.0,0.4983|0.4983|0.4983|0.4983,5.0000|4.0000|5.0000|7.0000
