dataset,missing_type,missing_rate,pred_len,method,predictor,impute,mse_mean,mse_std,mae_mean,mae_std,impute_mse_mean,n_seeds
ETTh1,continuous_segment,0.1,96,coifnet,iTransformer,none,0.4071551407796048,0.016164754992898246,0.41557215189662683,0.006478219102559182,0.9149769916390317,3
ETTh1,continuous_segment,0.1,96,crib,iTransformer,none,0.45523695254810975,0.028887542276967982,0.4417009366692932,0.013279742772131117,1.1077604673637877,6
ETTh1,continuous_segment,0.1,96,misstsm,iTransformer,none,0.5049662853200446,0.03301713841253722,0.5120479726384743,0.025986487613952086,1.1077604673637877,6
ETTh1,continuous_segment,0.1,96,saits,DLinear,none,0.41286645445689546,0.0029216859844262157,0.4248696943837536,0.0007279010275708462,0.6760496657187892,3
ETTh1,continuous_segment,0.1,96,saits,PatchTST,none,0.39640958526047454,0.004073325836917879,0.4117713614575953,0.002311045773801975,0.3054475578244827,3
ETTh1,continuous_segment,0.1,96,saits,iTransformer,none,0.4083892606461854,0.011004712890576017,0.42288183342689956,0.007953830438164628,0.8230480968925425,3
ETTh1,continuous_segment,0.1,96,simple,DLinear,linear,0.4140843328496498,0.002150773759045395,0.41967214611673836,0.0006328614105544829,1.073517349367724,3
ETTh1,continuous_segment,0.1,96,simple,PatchTST,linear,0.39911180988605116,0.004405615809649735,0.41479146981724435,0.0024849915030076466,1.073517349367724,3
ETTh1,continuous_segment,0.1,96,simple,iTransformer,linear,0.41363373599603176,0.0031743045673093715,0.4230156258542262,0.0021309319891232564,1.0735173493677237,6
ETTh1,continuous_segment,0.1,336,coifnet,iTransformer,none,0.520075485514283,0.02524200979370766,0.47894718942098863,0.013807439861513318,0.9768195840214777,3
ETTh1,continuous_segment,0.1,336,crib,iTransformer,none,0.5704714087465658,0.028527764793835158,0.5137364419363805,0.014302982125240666,1.08058228294445,3
ETTh1,continuous_segment,0.1,336,misstsm,iTransformer,none,0.662832126729849,0.03511691606866115,0.6039776234355095,0.021247603220990414,1.08058228294445,3
ETTh1,continuous_segment,0.1,336,saits,DLinear,none,0.5435251981664032,0.01243307504330306,0.5063954272766713,0.008605147885473998,1.9720625466120032,3
ETTh1,continuous_segment,0.1,336,saits,PatchTST,none,0.5216095902518502,0.011469214556410994,0.48234249856945105,0.007104898164425329,2.095803872853537,3
ETTh1,continuous_segment,0.1,336,saits,iTransformer,none,0.5262948447766457,0.03587164204353175,0.4952675830014172,0.02175098125385524,1.0431171516694504,3
ETTh1,continuous_segment,0.1,336,simple,DLinear,linear,0.5094220183296928,0.005267709434504768,0.47943981622822074,0.005961058530645372,1.0245460305092144,3
ETTh1,continuous_segment,0.1,336,simple,PatchTST,linear,0.48797297574526044,0.0039964656016429085,0.46568277042990974,0.0023712310610248264,1.024546030509214,3
ETTh1,continuous_segment,0.1,336,simple,iTransformer,linear,0.5132643499168291,0.01316101690557667,0.4763214983187553,0.008656474099259622,1.0245460305092144,3
ETTh1,continuous_segment,0.3,96,coifnet,iTransformer,none,0.41841187022318743,0.013378023369476076,0.41969981338362866,0.007481695019811487,0.9530501972640937,3
ETTh1,continuous_segment,0.3,96,crib,iTransformer,none,0.451912453754586,0.013838938614503873,0.44235252711246426,0.005805400989976612,1.1198344782931158,6
ETTh1,continuous_segment,0.3,96,misstsm,iTransformer,none,0.539507780012294,0.026285422029210755,0.5314592389415511,0.017837700546863122,1.1198344782931158,9
ETTh1,continuous_segment,0.3,96,saits,DLinear,none,0.46650282459513,0.017927594618359625,0.469291566871441,0.015916453283621682,0.7736485676127661,3
ETTh1,continuous_segment,0.3,96,saits,PatchTST,none,0.43126416376862675,0.026947994090428678,0.43673218619959003,0.009863409553088214,1.0138119850292096,3
ETTh1,continuous_segment,0.3,96,saits,iTransformer,none,0.42303095094320087,0.006191114165577709,0.44043857657502755,0.004321519582582578,0.787651683184146,3
ETTh1,continuous_segment,0.3,96,simple,DLinear,linear,0.4510572256512588,0.0030241107203117837,0.44089277592838205,0.002309810791041297,1.0645473408081942,3
ETTh1,continuous_segment,0.3,96,simple,PatchTST,linear,0.4150649236248754,0.0023183470353367206,0.4242523072687614,0.0006547273568676652,1.0645473408081945,3
ETTh1,continuous_segment,0.3,96,simple,iTransformer,linear,0.4372579919728314,0.002425149567738588,0.4353987191302701,0.0016739754441011398,1.0645473408081945,6
ETTh1,continuous_segment,0.3,336,coifnet,iTransformer,none,0.5137898168457671,0.011678795823623432,0.4721675235770775,0.004573237152317229,0.9655798297187591,3
ETTh1,continuous_segment,0.3,336,crib,iTransformer,none,0.5379809127887558,0.012319695171683393,0.4920312423056532,0.0033200004574128338,1.0936985086130018,3
ETTh1,continuous_segment,0.3,336,misstsm,iTransformer,none,0.6931026804736025,0.06499541101788538,0.617841713086561,0.04590625543951748,1.0936985086130018,3
ETTh1,continuous_segment,0.3,336,saits,DLinear,none,0.633206908595117,0.02204657226084449,0.5718091152818201,0.013410579186376392,1.3238291087303586,3
ETTh1,continuous_segment,0.3,336,saits,PatchTST,none,0.5961002905695127,0.02118493572832202,0.5425132475417661,0.01621745367638037,0.6833816462353154,3
ETTh1,continuous_segment,0.3,336,saits,iTransformer,none,0.5842292911801841,0.03668427890339465,0.5389885504572081,0.025943738839808536,1.2267714793649311,3
ETTh1,continuous_segment,0.3,336,simple,DLinear,linear,0.538859894358417,0.004456990601500521,0.4967744417571522,0.005597924772709209,1.0177082495199128,3
ETTh1,continuous_segment,0.3,336,simple,PatchTST,linear,0.5143686864137181,0.00777843904224502,0.4769791189017605,0.00259317167896896,1.0177082495199128,3
ETTh1,continuous_segment,0.3,336,simple,iTransformer,linear,0.5326310986541968,0.013104924900268688,0.4862867635141109,0.007674808484616814,1.0177082495199128,3
ETTh1,mixed,0.3,96,misstsm,iTransformer,none,0.6803461553235742,0.044065975440215094,0.6064286411842995,0.025828603853419632,1.1211744593974717,3
ETTh1,none,0.0,96,baseline,DLinear,none,0.3889598687989208,0.002315457215523465,0.4041861268483829,0.0032989256740160087,0.0,3
ETTh1,none,0.0,96,baseline,PatchTST,none,0.39050747545303377,0.002889073919710871,0.4064299805802118,0.002105831230745826,0.0,3
ETTh1,none,0.0,96,baseline,iTransformer,none,0.3948645648950592,0.005721595557911349,0.41268945562489945,0.004031660361749318,0.0,3
ETTh1,none,0.0,336,baseline,DLinear,none,0.4896934791569938,0.0038895857567988355,0.46763992059753856,0.005110541363593711,0.0,3
ETTh1,none,0.0,336,baseline,PatchTST,none,0.48730257892421286,0.018758516066581604,0.4629263817288162,0.008284163919591216,0.0,3
ETTh1,none,0.0,336,baseline,iTransformer,none,0.48279105050936977,0.007706192446062925,0.45935917412758503,0.0035926741328755046,0.0,3
ETTh1,random_point,0.1,96,coifnet,iTransformer,none,0.40248506455846633,0.007633731126179949,0.4152556694994994,0.00598504794869533,0.9071505013231315,3
ETTh1,random_point,0.1,96,crib,iTransformer,none,0.4379453934787063,0.0167204191173927,0.44114190593656133,0.007372282975406378,1.1213514786933725,6
ETTh1,random_point,0.1,96,misstsm,iTransformer,none,0.4985719191821159,0.02903830594518221,0.5084807185339114,0.017874554510604122,1.1213514786933725,6
ETTh1,random_point,0.1,96,saits,DLinear,none,0.4245782200837835,0.0065712942698566874,0.4359551322025,0.005015526578229351,0.9084011316941499,3
ETTh1,random_point,0.1,96,saits,PatchTST,none,0.3959746692224864,0.003388057520007186,0.4135225235417102,0.008736475342159525,0.3901627918690853,3
ETTh1,random_point,0.1,96,saits,iTransformer,none,0.4004337379562862,0.0004262296234737101,0.41895647392809426,0.0021883381003490166,0.5881869861924098,3
ETTh1,random_point,0.1,96,simple,DLinear,linear,0.39202657159683163,0.0024539395668645315,0.40636147424748104,0.0034189897933284267,0.10558072069803624,3
ETTh1,random_point,0.1,96,simple,PatchTST,linear,0.3939256551200083,0.0026845582059881515,0.4089014961325716,0.0022080537428755503,0.10558072069803624,3
ETTh1,random_point,0.1,96,simple,iTransformer,linear,0.39635153298318065,0.004796919443476502,0.41425188857234935,0.003499724438402136,0.10558072069803624,6
ETTh1,random_point,0.1,336,coifnet,iTransformer,none,0.5436302002692582,0.026767617641542403,0.49153759749636744,0.028633474056024656,1.0289098031550508,3
ETTh1,random_point,0.1,336,crib,iTransformer,none,0.5361115468742805,0.0391181996860548,0.5040738950778084,0.013286868762505784,1.0969426114963563,3
ETTh1,random_point,0.1,336,misstsm,iTransformer,none,0.634616120968602,0.026906806658356788,0.5883403126055226,0.012317311454421795,1.0969426114963563,3
ETTh1,random_point,0.1,336,saits,DLinear,none,0.6641640633793539,0.11177580475615084,0.5857531328332448,0.07311617288426286,5.475462104076642,3
ETTh1,random_point,0.1,336,saits,PatchTST,none,0.5591765068368968,0.07965745293790566,0.5106939516898145,0.052057587251754175,1.1774355968620236,3
ETTh1,random_point,0.1,336,saits,iTransformer,none,0.6450944250989913,0.09933180589354065,0.5643403173820131,0.05756308258604857,6.7206918781695215,3
ETTh1,random_point,0.1,336,simple,DLinear,linear,0.4916188616649575,0.003981227740824593,0.4691923559922054,0.005211980597597623,0.10688717086660997,3
ETTh1,random_point,0.1,336,simple,PatchTST,linear,0.4888169534079921,0.023883187924731233,0.4642680623442344,0.009946215210445648,0.10688717086660997,3
ETTh1,random_point,0.1,336,simple,iTransformer,linear,0.4823166972761772,0.0048498217050987405,0.45949125221217474,0.0022201035462129626,0.10688717086660994,3
ETTh1,random_point,0.3,96,baseline,DLinear,none,0.4409948958528748,0.0,0.4460406089385493,0.0,1.1180741101235847,2
ETTh1,random_point,0.3,96,baseline,PatchTST,none,0.49016005620494135,0.0,0.48777208276882206,0.0,1.1180741101235847,1
ETTh1,random_point,0.3,96,baseline,iTransformer,none,0.44859550585652597,0.0,0.46265654640951104,0.0,1.1180741101235847,1
ETTh1,random_point,0.3,96,coifnet,iTransformer,none,0.4076166757293835,0.013604257110035742,0.41998199060211494,0.008056842738081254,0.8649673708946958,4
ETTh1,random_point,0.3,96,crib,iTransformer,none,0.45580684459340903,0.034929200840656156,0.44861703944469183,0.013031458491030604,1.1180837808189774,7
ETTh1,random_point,0.3,96,misstsm,iTransformer,none,0.5104113118353182,0.041195195322571515,0.5101931031901705,0.021279167478796747,1.118084264353747,10
ETTh1,random_point,0.3,96,saits,DLinear,none,0.4995290748627867,0.0415172916553885,0.49863106602683605,0.033960089690388634,0.9995263787959594,3
ETTh1,random_point,0.3,96,saits,PatchTST,none,0.44485068981837256,0.03867020641369622,0.45410686497699704,0.03232184098695696,0.5469258500386825,3
ETTh1,random_point,0.3,96,saits,iTransformer,none,0.4319308104806143,0.008309138582855296,0.44967846834841496,0.009311832964058195,0.7002938630470682,4
ETTh1,random_point,0.3,96,simple,DLinear,linear,0.39945730788489425,0.0011721192771371233,0.4126694377884046,0.002191860875367719,0.1345455922516323,3
ETTh1,random_point,0.3,96,simple,PatchTST,linear,0.40045449379173886,0.0036033727337295863,0.4134163558126423,0.002948196764195386,0.1345455922516323,3
ETTh1,random_point,0.3,96,simple,iTransformer,linear,0.4009918025561742,0.005719503145543283,0.4178082677944405,0.004032191600069212,0.13459234844189052,7
ETTh1,random_point,0.3,336,coifnet,iTransformer,none,0.5113545853090817,0.0176949190907437,0.47956905389971877,0.02204905047530135,0.9714515275243224,3
ETTh1,random_point,0.3,336,crib,iTransformer,none,0.5236233874247912,0.0321963839657797,0.4970040438139291,0.008634594665159706,1.0937446555985135,3
ETTh1,random_point,0.3,336,misstsm,iTransformer,none,0.6376742567201026,0.023313416710353373,0.59319921717116,0.019906655584208344,1.0937446555985137,3
ETTh1,random_point,0.3,336,saits,DLinear,none,0.7322100994707169,0.09144512223950149,0.6392613993646589,0.05811177864922471,2.0624305237018756,3
ETTh1,random_point,0.3,336,saits,PatchTST,none,16301751.70818212,28235460.995456077,1593.5073535245936,2758.968273727147,16607499078.638525,3
ETTh1,random_point,0.3,336,saits,iTransformer,none,0.6864541134337779,0.1292623291301452,0.5995349019668269,0.07671283364414677,2.608686991587291,3
ETTh1,random_point,0.3,336,simple,DLinear,linear,0.49547091835686485,0.004023538478015265,0.4712614992512701,0.0055899200346156185,0.1348737102282461,3
ETTh1,random_point,0.3,336,simple,PatchTST,linear,0.4961104679669753,0.025456165692210268,0.47015857996312943,0.007889831338555042,0.1348737102282461,3
ETTh1,random_point,0.3,336,simple,iTransformer,linear,0.48584294697000213,0.002507394670344027,0.46270401623019536,0.001494076511549563,0.1348737102282461,3
ETTh1,variable_channel,0.3,96,misstsm,iTransformer,none,0.8372947912241869,0.027300600399460518,0.6775906422193859,0.0161883136201623,1.1170076521551586,3
ETTm1,mixed,0.1,96,coifnet,iTransformer,none,0.4463854513689604,0.026028378171561797,0.4340650582300494,0.012008804671789202,1.1377549473685908,6
ETTm1,mixed,0.1,96,crib,iTransformer,none,0.461251523530805,0.015260646418290686,0.44255333815413955,0.0060230683974236065,1.1085768503509328,6
ETTm1,mixed,0.1,96,misstsm,iTransformer,none,0.6009935190993274,0.02478581878188335,0.5416976223515385,0.010181307744715045,1.1085768503509328,6
ETTm1,mixed,0.1,96,saits,iTransformer,none,0.504894473514826,0.15212214861355547,0.46621125400501134,0.06971197999874042,0.8946758158514202,6
ETTm1,mixed,0.1,96,simple,iTransformer,linear,0.45475147161700713,0.014877916090965943,0.4360537455970575,0.006721858407172919,0.7989916353447214,6
ETTm1,mixed,0.1,192,coifnet,iTransformer,none,0.49305880203894414,0.03351486425574743,0.45824894000296496,0.01367090617062561,1.109386662572888,6
ETTm1,mixed,0.1,192,crib,iTransformer,none,0.5073745968846503,0.014122649567185544,0.4666258553927829,0.007185022413116035,1.1104698450050192,6
ETTm1,mixed,0.1,192,misstsm,iTransformer,none,0.6407457084076604,0.03578772152152096,0.5754663667779112,0.021106197422820945,1.1104698450050192,6
ETTm1,mixed,0.1,192,saits,iTransformer,none,0.7504739061416231,0.3870131190559322,0.5640259681773017,0.15961722522857558,1.8137068477680032,6
ETTm1,mixed,0.1,192,simple,iTransformer,linear,0.4836651170599154,0.017249069086909062,0.4542582172308658,0.004547210192809276,0.8004447400962755,6
ETTm1,mixed,0.1,336,coifnet,iTransformer,none,0.5282316528477198,0.033319848011187224,0.47985708302489477,0.019040791844199514,1.1214767132985257,6
ETTm1,mixed,0.1,336,crib,iTransformer,none,0.5261878618840897,0.019743155220935678,0.48247811148053327,0.00829000899266363,1.1098803679103948,6
ETTm1,mixed,0.1,336,misstsm,iTransformer,none,0.6978233245743883,0.044352015242573053,0.6091867244256056,0.027589483187040586,1.1098803679103948,6
ETTm1,mixed,0.1,336,saits,iTransformer,none,6576378.658272088,16108770.800508725,228.6103746752539,558.8093894773682,1310082220.742017,6
ETTm1,mixed,0.1,336,simple,iTransformer,linear,0.522220784423071,0.017027747621615245,0.4761831133789463,0.006510417140039241,0.8001143219702432,6
ETTm1,mixed,0.1,720,coifnet,iTransformer,none,0.593106163382085,0.03228178239148444,0.5198024438972167,0.010661372849166538,1.1661193359156792,6
ETTm1,mixed,0.1,720,crib,iTransformer,none,0.5857123112791105,0.010892752320637177,0.5151268138534673,0.004831122904570064,1.1095790488721484,6
ETTm1,mixed,0.1,720,misstsm,iTransformer,none,0.802491098371026,0.030879497238126392,0.6669047338758078,0.02105396166688122,1.1095790488721484,6
ETTm1,mixed,0.1,720,saits,iTransformer,none,6323.004321195548,14628.376176749296,9.860010767337684,14.951271028660651,33123.84475636185,6
ETTm1,mixed,0.1,720,simple,iTransformer,linear,0.5610245225150156,0.022148101327640668,0.5009964967448708,0.009448160727096092,0.7993198534211592,6
ETTm1,mixed,0.3,96,coifnet,iTransformer,none,0.4560885265758661,0.02781314333596127,0.43786233760726273,0.01490557756475239,1.1513019402680564,6
ETTm1,mixed,0.3,96,crib,iTransformer,none,0.466753200029779,0.020019311366739016,0.4460048892639745,0.01090642405733224,1.1071362088484802,6
ETTm1,mixed,0.3,96,misstsm,iTransformer,none,0.6294179506209712,0.015073669209635274,0.5617505069838921,0.012639890026710315,1.1071362088484802,6
ETTm1,mixed,0.3,96,saits,iTransformer,none,2.373263424875026,4.543401306908935,0.7890507481404243,0.7554859687234189,3.838851899818988,6
ETTm1,mixed,0.3,96,simple,iTransformer,linear,0.4577344930239897,0.013915653562860685,0.4399826042952979,0.004097281219530216,0.5938616988650318,6
ETTm1,mixed,0.3,192,coifnet,iTransformer,none,0.5037476417175629,0.041723651552688285,0.4646003136693717,0.017772770095810315,1.0842282401887393,6
ETTm1,mixed,0.3,192,crib,iTransformer,none,0.5033275231490592,0.018451008685439415,0.46487921998542703,0.007570136929524147,1.109051409481511,6
ETTm1,mixed,0.3,192,misstsm,iTransformer,none,0.6747378191365132,0.04916442468240667,0.5969829270966102,0.027529993232876436,1.109051409481511,6
ETTm1,mixed,0.3,192,saits,iTransformer,none,0.523174222323625,0.11243138245700439,0.48793794365635534,0.048939157949806765,0.755101182668727,6
ETTm1,mixed,0.3,192,simple,iTransformer,linear,0.4930389151847432,0.019570495330485594,0.45868927590551406,0.006735924223172395,0.5949712388194321,6
ETTm1,mixed,0.3,336,coifnet,iTransformer,none,0.5268985363751796,0.03240314324423253,0.4797877659724484,0.014869489116217155,1.0750435267168335,6
ETTm1,mixed,0.3,336,crib,iTransformer,none,0.5359906045890676,0.007865590769428053,0.4869101692535646,0.0036869325263501488,1.1087551508516833,6
ETTm1,mixed,0.3,336,misstsm,iTransformer,none,0.7306191378175511,0.052256059916005564,0.6278336383567767,0.029628653617175416,1.1087551508516833,6
ETTm1,mixed,0.3,336,saits,iTransformer,none,38.567264564586914,93.18785497532156,1.415015338305975,2.265658721427478,272.33260765005207,6
ETTm1,mixed,0.3,336,simple,iTransformer,linear,0.5260895559034943,0.027752989624456333,0.479618731633577,0.0108744824271742,0.5950878683651387,6
ETTm1,mixed,0.3,720,coifnet,iTransformer,none,0.5816154784671804,0.02292199490292937,0.5151700677428169,0.010170925589051989,1.1418390256094535,6
ETTm1,mixed,0.3,720,crib,iTransformer,none,0.5629353814922218,0.024448659385442377,0.5037447924055193,0.011307086706314627,1.1097468269889272,6
ETTm1,mixed,0.3,720,misstsm,iTransformer,none,0.7789925321496513,0.02685566434943841,0.6574335728692916,0.018214541741825945,1.1097468269889275,6
ETTm1,mixed,0.3,720,saits,iTransformer,none,23.460199407459438,55.978248891232,1.2204955936019017,1.653707230655408,81.1895758726253,6
ETTm1,mixed,0.3,720,simple,iTransformer,linear,0.5664489671440326,0.030000254577863303,0.5038264857520772,0.014052335033384352,0.5954897372758606,6
ETTm1,none,0.0,96,baseline,DLinear,none,0.3446880183921601,0.0009583370801111553,0.3726153696652836,0.0018412901293442994,0.0,3
ETTm1,none,0.0,96,baseline,PatchTST,none,0.320485704030915,0.0006499166544998531,0.3594111038732494,0.0021825674272980436,0.0,3
ETTm1,none,0.0,96,baseline,iTransformer,none,0.3437999197642878,0.005462434946004854,0.3741943093345254,0.004596277980443255,0.0,3
ETTm1,none,0.0,336,baseline,DLinear,none,0.41797005781703195,0.0010295536238033919,0.42167225810565245,0.0016467990190387055,0.0,3
ETTm1,none,0.0,336,baseline,PatchTST,none,0.39239136615998166,0.0019211289543637675,0.4071608945982696,0.0006150370786895966,0.0,3
ETTm1,none,0.0,336,baseline,iTransformer,none,0.4314507656384466,0.009218273189273079,0.42409003116640065,0.004085229820505022,0.0,3
ETTm1,variable_channel,0.1,96,coifnet,iTransformer,none,0.4382584452131297,0.01794890838134945,0.4288881551175983,0.011258643528474842,1.1004835587083468,6
ETTm1,variable_channel,0.1,96,crib,iTransformer,none,0.4632084773573277,0.01598878153119278,0.4433734793527382,0.006941889788824907,1.1003524463677563,6
ETTm1,variable_channel,0.1,96,misstsm,iTransformer,none,0.5843123218832357,0.0304785176493469,0.5367879500448226,0.01565436277122229,1.1003524463677563,6
ETTm1,variable_channel,0.1,96,saits,iTransformer,none,5356730186202.202,11443532982180.92,185857.5779596564,321577.4178326314,38371217618216.414,6
ETTm1,variable_channel,0.1,96,simple,iTransformer,linear,0.4402058722486381,0.011578235342149927,0.42992491930092797,0.004170229835058424,1.100352446367756,6
ETTm1,variable_channel,0.1,192,coifnet,iTransformer,none,0.48211213450009766,0.031596174886685854,0.45408737710313046,0.013357122105637916,1.102959060981573,6
ETTm1,variable_channel,0.1,192,crib,iTransformer,none,0.5046178151021695,0.010481109614209656,0.4662715273976105,0.004481717345532681,1.102746501393167,6
ETTm1,variable_channel,0.1,192,misstsm,iTransformer,none,0.6444376232525879,0.0338778074912523,0.5789668458652654,0.025507355656365686,1.102746501393167,6
ETTm1,variable_channel,0.1,192,saits,iTransformer,none,57841328.066204034,92441662.84435838,932.2146361114297,932.9826498728833,419220118.329871,6
ETTm1,variable_channel,0.1,192,simple,iTransformer,linear,0.480465071000985,0.016926802258493193,0.4518261024912616,0.00510366860803119,1.1027465013931672,6
ETTm1,variable_channel,0.1,336,coifnet,iTransformer,none,0.5146533926558946,0.017896106334846517,0.47010795774162834,0.007524360012113145,1.1013510276274396,6
ETTm1,variable_channel,0.1,336,crib,iTransformer,none,0.542217770668704,0.010380606808383198,0.48847809701185446,0.006359611093734232,1.1012004475296209,6
ETTm1,variable_channel,0.1,336,misstsm,iTransformer,none,0.7083203153875969,0.06068896679832734,0.6138433458694597,0.03691393465972218,1.1012004475296209,6
ETTm1,variable_channel,0.1,336,saits,iTransformer,none,6306724151.52338,13813222224.610577,9872.295593590496,19073.379405738502,44798762688.31438,6
ETTm1,variable_channel,0.1,336,simple,iTransformer,linear,0.5160945329167345,0.01006191628319002,0.4736106448655973,0.0038531194691348563,1.1012004475296209,6
ETTm1,variable_channel,0.1,720,coifnet,iTransformer,none,0.5772475960026353,0.02940098132396382,0.5111874434490525,0.009902493736803354,1.1017358869004241,6
ETTm1,variable_channel,0.1,720,crib,iTransformer,none,0.5936480319136122,0.009388980123171716,0.5157870881238057,0.008047270048559707,1.1015784921839042,6
ETTm1,variable_channel,0.1,720,misstsm,iTransformer,none,0.8000404117424003,0.05196825377727141,0.6677919077519313,0.03035804373498108,1.1015784921839042,6
ETTm1,variable_channel,0.1,720,saits,iTransformer,none,253010169151.6677,606798871004.6599,56339.393541391364,121119.21061693085,1818814154507.7598,6
ETTm1,variable_channel,0.1,720,simple,iTransformer,linear,0.555746855781545,0.0166971258453503,0.49798274926851144,0.00836442658367064,1.1015784921839042,6
ETTm1,variable_channel,0.3,96,coifnet,iTransformer,none,0.5463348559590694,0.015066677787081052,0.4872790436184728,0.008020017727722652,1.1105437504080071,6
ETTm1,variable_channel,0.3,96,crib,iTransformer,none,0.5504300815497412,0.008815749327034038,0.4900820384392505,0.004832936059691549,1.1103729155322741,6
ETTm1,variable_channel,0.3,96,misstsm,iTransformer,none,0.6775863107480244,0.0367929249780665,0.5865101287210187,0.022392479408608293,1.1103729155322741,6
ETTm1,variable_channel,0.3,96,saits,iTransformer,none,2972222862439.9355,7280362331718.638,229498.9553077616,558936.2894444994,10508317285193.287,6
ETTm1,variable_channel,0.3,96,simple,iTransformer,linear,0.5495143392775548,0.007989891461210387,0.48909352240294623,0.002655229775327005,1.1103729155322741,6
ETTm1,variable_channel,0.3,192,coifnet,iTransformer,none,0.5846452932790245,0.024290603976559747,0.5083113077109548,0.010556712848953768,1.1121953166575167,6
ETTm1,variable_channel,0.3,192,crib,iTransformer,none,0.578495898598076,0.012052781774924214,0.5062259363820155,0.005465021320145908,1.112005747671662,6
ETTm1,variable_channel,0.3,192,misstsm,iTransformer,none,0.7615003601037964,0.06462937965111266,0.6418948494730727,0.03628901877869642,1.112005747671662,6
ETTm1,variable_channel,0.3,192,saits,iTransformer,none,11474620415.254591,27042083949.297478,26652.647537150693,53012.99135013553,95402374901.96031,6
ETTm1,variable_channel,0.3,192,simple,iTransformer,linear,0.5768946776771657,0.011283785473953143,0.5050214431046788,0.0027582284248902724,1.112005747671662,6
ETTm1,variable_channel,0.3,336,coifnet,iTransformer,none,0.6103076060861682,0.016882364511296544,0.5223877288069175,0.007811462981478089,1.1110100492610784,6
ETTm1,variable_channel,0.3,336,crib,iTransformer,none,0.6091280486718355,0.0035046070493672484,0.5256200217291204,0.002307901594691141,1.1107953979465968,6
ETTm1,variable_channel,0.3,336,misstsm,iTransformer,none,0.8007837916393958,0.0453048946066297,0.6583099066669372,0.02644842613283889,1.110795397946597,6
ETTm1,variable_channel,0.3,336,saits,iTransformer,none,11879968653458.062,18376133533460.31,725064.9215694326,1072389.0138861109,153126308287822.9,6
ETTm1,variable_channel,0.3,336,simple,iTransformer,linear,0.610065833560544,0.012530526767625916,0.5246516647077392,0.004512525414541159,1.110795397946597,6
ETTm1,variable_channel,0.3,720,coifnet,iTransformer,none,0.653133573824361,0.018813103519236863,0.5533668305981813,0.008645890892235452,1.1112742081739333,6
ETTm1,variable_channel,0.3,720,crib,iTransformer,none,0.6449120760265664,0.017349212469502374,0.5478576968394102,0.0060565247922399765,1.111022961870688,6
ETTm1,variable_channel,0.3,720,misstsm,iTransformer,none,0.908381001521006,0.05842148241379613,0.7221508732483063,0.030224023377905272,1.111022961870688,6
ETTm1,variable_channel,0.3,720,saits,iTransformer,none,4615947579110125.0,1.1306709084926178e+16,13091881.722244719,32055896.736045375,1.6474017045153938e+16,6
ETTm1,variable_channel,0.3,720,simple,iTransformer,linear,0.643900836547488,0.016049112422456477,0.5458201322386899,0.0070312034670842,1.1110229618706882,6
Electricity,continuous_segment,0.1,96,coifnet,iTransformer,none,0.1740896353897883,0.0009606995266319665,0.27815494813593605,0.002150279402823252,1.514624928960523,3
Electricity,continuous_segment,0.1,96,crib,iTransformer,none,0.16939085813101148,0.003692101037803322,0.2736356549244236,0.0032546025287521966,1.003976987804969,6
Electricity,continuous_segment,0.1,96,misstsm,iTransformer,none,0.1818788631155709,0.007004142780472214,0.2925904561424169,0.006020453042775361,1.003976987804969,6
Electricity,continuous_segment,0.1,96,saits,DLinear,none,0.1938135919398042,0.0003119073198073533,0.280491940368107,0.0009330647996081217,0.3571781609456129,3
Electricity,continuous_segment,0.1,96,saits,PatchTST,none,0.1674502648181988,0.005909924821489261,0.2595355395201475,0.005591772909995029,0.3230359235484172,3
Electricity,continuous_segment,0.1,96,saits,iTransformer,none,0.1566711923136464,0.0005675731987364756,0.2516975963002643,0.0013953149022430252,0.2876005595799039,3
Electricity,continuous_segment,0.1,96,simple,DLinear,linear,0.22203911259038842,0.0002037974600353616,0.30509172332770557,0.00010685088935127819,1.3195488059699907,3
Electricity,continuous_segment,0.1,96,simple,PatchTST,linear,0.16624767819832745,0.0006043675566450225,0.2565571931891038,0.00039254872765170386,1.3195488059699907,3
Electricity,continuous_segment,0.1,96,simple,iTransformer,linear,0.16484911189095589,0.0009069849760841968,0.2578989799142184,0.001348606418752664,1.3195488059699907,6
Electricity,continuous_segment,0.1,336,coifnet,iTransformer,none,0.20499835837944688,0.003183150006809844,0.30545610001119283,0.0038649695451663715,1.4866592435728396,3
Electricity,continuous_segment,0.1,336,crib,iTransformer,none,0.2121751823151727,0.011593240813555224,0.3112221362263188,0.007636406533652023,0.9920126004306481,3
Electricity,continuous_segment,0.1,336,misstsm,iTransformer,none,0.2216936612708281,0.011377737023832907,0.327991693738139,0.009193575957698992,0.9920126004306481,3
Electricity,continuous_segment,0.1,336,saits,DLinear,none,0.20886212303064067,0.0005202820478030374,0.2998278041821792,0.0008681030967999363,0.3000580523379576,3
Electricity,continuous_segment,0.1,336,saits,PatchTST,none,0.19866454168195435,0.0030961766486606052,0.2889306139908885,0.0024931477554007136,0.2650191778662756,3
Electricity,continuous_segment,0.1,336,saits,iTransformer,none,0.1812567613612137,0.002316167872912156,0.27628829900051083,0.002791752939562248,0.2686910993993528,3
Electricity,continuous_segment,0.1,336,simple,DLinear,linear,0.24256661899453869,0.00015990597499158276,0.3311780242811528,0.00046596049880081415,1.3147250718833645,3
Electricity,continuous_segment,0.1,336,simple,PatchTST,linear,0.19627085295640345,0.002160195554884991,0.2848550432485348,0.0016431516004908999,1.3147250718833645,3
Electricity,continuous_segment,0.1,336,simple,iTransformer,linear,0.19746333669966107,0.0018852575456870468,0.28909196999453535,0.0020721987346581233,1.3147250718833645,3
Electricity,continuous_segment,0.3,96,coifnet,iTransformer,none,0.19244599756091096,0.0013146790043668396,0.2944792997959344,0.0011852259922335783,1.5639457702175292,3
Electricity,continuous_segment,0.3,96,crib,iTransformer,none,0.186350584999145,0.0011091181580511643,0.288155096022208,0.0015133190103058449,1.0032030147980446,6
Electricity,continuous_segment,0.3,96,misstsm,iTransformer,none,0.19403361263647978,0.0045686520471814145,0.3026058177210948,0.002061027793243027,1.0032030147980446,9
Electricity,continuous_segment,0.3,96,saits,DLinear,none,0.1879966457723287,0.0011928809843260908,0.28212873080985545,0.001585123683604496,0.37785667457870337,3
Electricity,continuous_segment,0.3,96,saits,PatchTST,none,158262.5263537492,263088.5363676336,98.87253603973079,121.2966043585364,6862984717.768813,3
Electricity,continuous_segment,0.3,96,saits,iTransformer,none,0.16299079681287218,0.001153368735333875,0.26253702501951975,0.00164401650757403,0.3104975324574228,3
Electricity,continuous_segment,0.3,96,simple,DLinear,linear,0.27099206282872396,0.00024591880149069616,0.352499632210618,0.0004165662574838427,1.2826000082978093,3
Electricity,continuous_segment,0.3,96,simple,PatchTST,linear,0.19137642292982224,0.0010304849187636087,0.2773370872612238,0.0012854631703686542,1.2826000082978093,3
Electricity,continuous_segment,0.3,96,simple,iTransformer,linear,0.18600630035754764,0.0005235692584007824,0.27598528535617844,0.00044053897064369165,1.2826000082978093,6
Electricity,continuous_segment,0.3,336,coifnet,iTransformer,none,0.21982220788502368,0.0012807023741338865,0.31854934052341594,0.0005738407519522022,1.5950456823566175,3
Electricity,continuous_segment,0.3,336,crib,iTransformer,none,0.21950900426422917,0.0029605415054371515,0.31796546176244295,0.002475525076196991,0.9915193466668878,3
Electricity,continuous_segment,0.3,336,misstsm,iTransformer,none,0.24173822197134395,0.003027724581815021,0.346017275488221,0.0038562675632623994,0.9915193466668878,3
Electricity,continuous_segment,0.3,336,saits,DLinear,none,0.2104217695952768,0.0004136198100459729,0.3058162459129652,0.0006813401152166646,0.3182791313487278,3
Electricity,continuous_segment,0.3,336,saits,PatchTST,none,0.20498992778816014,0.010734364102081114,0.2995941210693149,0.008034621223638948,0.35322012679557996,3
Electricity,continuous_segment,0.3,336,saits,iTransformer,none,0.1878455847544096,0.0018300218654030988,0.2870682547068404,0.0023240151310363385,0.2920074847411354,3
Electricity,continuous_segment,0.3,336,simple,DLinear,linear,0.2935236352487343,0.0006606413878057787,0.37662451287082427,0.0015218761614649858,1.2773527107463944,3
Electricity,continuous_segment,0.3,336,simple,PatchTST,linear,0.21793354597169745,0.00046039834349667955,0.30249941515975776,0.0003437177279683718,1.2773527107463944,3
Electricity,continuous_segment,0.3,336,simple,iTransformer,linear,0.21995347201537882,0.0005520015731793157,0.30753694349386623,0.00024518793844659497,1.2773527107463944,3
Electricity,mixed,0.3,96,misstsm,iTransformer,none,0.20764326940051325,0.00045189867135904133,0.31054592286376875,0.001115916449358211,1.004178695652256,3
Electricity,none,0.0,96,baseline,DLinear,none,0.19514890512599692,0.00018904757120480418,0.2772937617404378,0.00048751767687194725,0.0,3
Electricity,none,0.0,96,baseline,PatchTST,none,0.15613228139181487,0.00015766748748916032,0.24720490414837423,0.0005761214968614828,0.0,3
Electricity,none,0.0,96,baseline,iTransformer,none,0.15583874211681403,0.0009299230745958517,0.24910927344872777,0.0012247212331921327,0.0,3
Electricity,none,0.0,336,baseline,DLinear,none,0.20806455126667478,0.0003733490104101758,0.2977166675874485,0.00030762356836050295,0.0,3
Electricity,none,0.0,336,baseline,PatchTST,none,0.18372418928691558,0.0010987523714848808,0.2743685073083458,0.0007245340934963783,0.0,3
Electricity,none,0.0,336,baseline,iTransformer,none,0.18622997834422608,0.003207366193081605,0.27842708121422916,0.0033808600938228985,0.0,3
Electricity,random_point,0.1,96,coifnet,iTransformer,none,0.17548947981515783,0.0025773740201827542,0.27962677147025317,0.0030677094743937487,1.520923618331785,3
Electricity,random_point,0.1,96,crib,iTransformer,none,0.1681193875371314,0.0006200595446157076,0.27296664571617507,0.0003833728674445257,1.0037092219536616,6
Electricity,random_point,0.1,96,misstsm,iTransformer,none,0.1794232627236684,0.0008329096281775355,0.28961658831542786,0.0016839585672895731,1.0037092219536614,6
Electricity,random_point,0.1,96,saits,DLinear,none,0.18756097520169082,0.0005324177619427029,0.28211857824815906,0.0011496435549391045,0.46282713375247825,3
Electricity,random_point,0.1,96,saits,PatchTST,none,0.15784364879904206,0.000687177185147962,0.2532059756427201,0.0009790354146416455,0.38626199720767335,3
Electricity,random_point,0.1,96,saits,iTransformer,none,0.15192811911001983,0.00034712912511233136,0.24999636768887146,9.194739405278681e-05,0.36189159383336067,3
Electricity,random_point,0.1,96,simple,DLinear,linear,0.1990976478813402,0.000178898165375321,0.2818813029892729,0.0005324444020498737,0.09659608250773344,3
Electricity,random_point,0.1,96,simple,PatchTST,linear,0.15880638386740098,0.0005216682965679676,0.2507902792858067,9.425349859452741e-05,0.09659608250773344,3
Electricity,random_point,0.1,96,simple,iTransformer,linear,0.15791271392871975,0.001362044200131679,0.2520640941521681,0.001640226323614105,0.09659608250773344,6
Electricity,random_point,0.1,336,coifnet,iTransformer,none,0.20411694837789174,0.004305746372474707,0.306610780561997,0.005960606408259738,1.5748984089691949,3
Electricity,random_point,0.1,336,crib,iTransformer,none,0.2017161678892053,0.006508143751128392,0.3049936767489345,0.0047671323355053955,0.992337984601955,3
Electricity,random_point,0.1,336,misstsm,iTransformer,none,0.2122080925957662,0.0072492391065690715,0.3198064739943986,0.006600046312161266,0.992337984601955,3
Electricity,random_point,0.1,336,saits,DLinear,none,0.20962778420742192,0.002044629617689715,0.30419210677588554,0.001448956865397692,0.31482655453138364,3
Electricity,random_point,0.1,336,saits,PatchTST,none,0.18405815613188348,0.0006430028210912508,0.280094086143969,0.0006000341939069628,0.3336608084618711,3
Electricity,random_point,0.1,336,saits,iTransformer,none,0.18068775291267378,0.002092928926704382,0.27911906674333903,0.0016289818955699115,0.3250371804217042,3
Electricity,random_point,0.1,336,simple,DLinear,linear,0.21105616004450398,0.00043467787062396193,0.3011183048341458,0.0002749291682370539,0.09636951479011102,3
Electricity,random_point,0.1,336,simple,PatchTST,linear,0.18552896413692768,0.0006096557616873784,0.27700728042934947,0.00018542865078040617,0.09636951479011102,3
Electricity,random_point,0.1,336,simple,iTransformer,linear,0.1873141907764928,0.003156190165676996,0.28040187493219687,0.0032981100886920107,0.09636951479011102,3
Electricity,random_point,0.3,96,coifnet,iTransformer,none,0.17659741635092166,0.0038528983678586507,0.2821883451138056,0.004272017783955708,1.5353452718209455,3
Electricity,random_point,0.3,96,crib,iTransformer,none,0.1714271036980729,0.0015810746567640856,0.2777477867579769,0.0015019634597649171,1.0036564181446375,6
Electricity,random_point,0.3,96,misstsm,iTransformer,none,0.1774955488590954,0.000518064933379906,0.2886603802190689,0.0013831534195114104,1.0036564181446375,9
Electricity,random_point,0.3,96,saits,DLinear,none,0.18513625014651922,0.0009343743707154462,0.2854654862029992,0.00022121115473661582,0.41871417096319313,3
Electricity,random_point,0.3,96,saits,PatchTST,none,0.16805370018087074,0.008646828789934993,0.26938384210330485,0.00997658826624346,0.4598777414667907,3
Electricity,random_point,0.3,96,saits,iTransformer,none,0.16079672151485203,0.0021925587275809246,0.26487600553436413,0.0020380520608208417,0.31925841722401654,3
Electricity,random_point,0.3,96,simple,DLinear,linear,0.2079462755742315,0.00019018278495524358,0.2923003881102677,0.00045595976638897553,0.12608166510989902,3
Electricity,random_point,0.3,96,simple,PatchTST,linear,0.1660075118161657,0.000758130614600269,0.2602660744415238,0.00016857297506722152,0.12608166510989902,3
Electricity,random_point,0.3,96,simple,iTransformer,linear,0.1635786530648683,0.00024300542180794428,0.2602831685660724,0.0002487337545736593,0.12608166510989902,6
Electricity,random_point,0.3,336,coifnet,iTransformer,none,0.2092369736857976,0.005759694622441446,0.3115703038406037,0.006438338902122061,1.4895443998906763,3
Electricity,random_point,0.3,336,crib,iTransformer,none,0.21524989341223288,0.0006088463925692454,0.31575664113527796,0.0021308350057773606,0.9923505665976741,3
Electricity,random_point,0.3,336,misstsm,iTransformer,none,0.22336294676678306,0.014115241909823944,0.3312224460449797,0.012067736829529583,0.9923505665976741,3
Electricity,random_point,0.3,336,saits,DLinear,none,0.2046373393569326,0.0018136701491646052,0.30581284885549725,0.001669458861195828,0.33462474906842155,3
Electricity,random_point,0.3,336,saits,PatchTST,none,0.18662055701221023,0.002538222368899541,0.2887159136810933,0.003901581029295479,0.2997306996568212,3
Electricity,random_point,0.3,336,saits,iTransformer,none,0.18449265133761142,0.004531895654680541,0.2894029068887157,0.005466761988950068,0.3002443086446908,3
Electricity,random_point,0.3,336,simple,DLinear,linear,0.21841800000749675,0.0005362090787588294,0.3093294329882297,0.0011018725670365551,0.12557979723805704,3
Electricity,random_point,0.3,336,simple,PatchTST,linear,0.190749095423555,0.0005783994918231457,0.28467737490410944,0.000253210788374933,0.12557979723805707,3
Electricity,random_point,0.3,336,simple,iTransformer,linear,0.19017320566091556,0.0009144614461700868,0.2861954206285115,0.0017110582582009028,0.12557979723805707,3
Electricity,variable_channel,0.3,96,misstsm,iTransformer,none,0.23436487149395532,0.0034321873155897394,0.33573525619925193,0.0016646540188331818,1.0031929727862186,3
ExchangeRate,mixed,0.1,96,coifnet,iTransformer,none,0.5076994875564557,0.024334546984759113,0.40699673044994084,0.030016828501030483,2.281423799330822,6
ExchangeRate,mixed,0.1,96,crib,iTransformer,none,0.5144241202469176,0.014992353704792565,0.41190924241524957,0.01991982199253518,3.609762171904246,6
ExchangeRate,mixed,0.1,96,misstsm,iTransformer,none,0.816540554723936,0.13529949643225364,0.6845436974076295,0.08429462252946034,3.609762171904246,6
ExchangeRate,mixed,0.1,96,saits,iTransformer,none,293.52613184648504,611.9001289785001,3.3409651272305836,4.910077270970249,7833.665890893909,6
ExchangeRate,mixed,0.1,96,simple,iTransformer,linear,0.4971350796436996,0.010992256291990056,0.3902255934610796,0.008687291034548413,2.2563485985391596,6
ExchangeRate,mixed,0.1,192,coifnet,iTransformer,none,0.6239504195959212,0.058078303130124166,0.5073494470143415,0.04355846182847432,2.3856373498717467,6
ExchangeRate,mixed,0.1,192,crib,iTransformer,none,0.627175443861858,0.04525557882817255,0.5115552845010796,0.0361765150012012,3.74571375554824,6
ExchangeRate,mixed,0.1,192,misstsm,iTransformer,none,1.1378605982146588,0.29387443750584696,0.8100750673726859,0.12884758156840662,3.7457137555482394,6
ExchangeRate,mixed,0.1,192,saits,iTransformer,none,3248490.768040883,7957059.216891121,322.88357110943906,787.0585642627183,46487855.28688408,6
ExchangeRate,mixed,0.1,192,simple,iTransformer,linear,0.5850439000440888,0.013373355422675218,0.4803914340384992,0.010078413007342807,2.3422517054770364,6
ExchangeRate,mixed,0.1,336,coifnet,iTransformer,none,0.7770002893767916,0.04511419336252422,0.6139572717853494,0.03294088038751347,2.5489744686328613,6
ExchangeRate,mixed,0.1,336,crib,iTransformer,none,0.9111500288452113,0.14709914436165342,0.661703979378348,0.062208197271582465,4.009223966985135,6
ExchangeRate,mixed,0.1,336,misstsm,iTransformer,none,1.357250343571912,0.09719995207468121,0.9047856414103294,0.056689455584285973,4.009223966985136,6
ExchangeRate,mixed,0.1,336,saits,iTransformer,none,78.98724085508702,191.42621880743246,1.9929153980972532,3.3783793565462847,608.8522058497141,6
ExchangeRate,mixed,0.1,336,simple,iTransformer,linear,0.7288213899812183,0.026216902296611763,0.5818770198940156,0.01715014920298526,2.505249875488582,6
ExchangeRate,mixed,0.1,720,coifnet,iTransformer,none,1.553533883492152,0.2458105267205893,0.9329682381947834,0.06445924797756504,3.065886990229289,6
ExchangeRate,mixed,0.1,720,crib,iTransformer,none,2.012084908882777,0.6112368843711692,1.0210443556308748,0.14559137429790256,4.821113425890605,6
ExchangeRate,mixed,0.1,720,misstsm,iTransformer,none,1.9790339700380961,0.4102614438909998,1.1255380694071453,0.1245323556377875,4.821113425890605,6
ExchangeRate,mixed,0.1,720,saits,iTransformer,none,1.229248607158661,0.22137496765952824,0.8359848606586456,0.0681801640542901,4.814101844628652,6
ExchangeRate,mixed,0.1,720,simple,iTransformer,linear,1.1920137504736583,0.048271319792720375,0.8158230141798656,0.021122759577449062,2.9917465488115944,6
ExchangeRate,mixed,0.3,96,coifnet,iTransformer,none,0.49713374294814994,0.019830483723059865,0.4023446443487196,0.024633881428578246,1.4195037850279935,6
ExchangeRate,mixed,0.3,96,crib,iTransformer,none,0.5044649752059233,0.02708402491231926,0.4068578447072247,0.02239147846633525,3.5724898469582036,6
ExchangeRate,mixed,0.3,96,misstsm,iTransformer,none,0.7673756744754447,0.1340420708259097,0.6617737041877004,0.07576117831930641,3.5724898469582036,6
ExchangeRate,mixed,0.3,96,saits,iTransformer,none,890.9733078982052,2130.8807170773966,8.362401903680203,15.856224578835153,9627.229565435358,6
ExchangeRate,mixed,0.3,96,simple,iTransformer,linear,0.5039998544624236,0.008536221983854914,0.3980578932534444,0.005055102242560448,1.3947601489694825,6
ExchangeRate,mixed,0.3,192,coifnet,iTransformer,none,0.593600823637472,0.03860330390963793,0.4918310979164269,0.0320141395080929,1.4897653512566922,6
ExchangeRate,mixed,0.3,192,crib,iTransformer,none,0.6138353839097731,0.053317276881897975,0.5024989170123296,0.03780788108714699,3.701568364618294,6
ExchangeRate,mixed,0.3,192,misstsm,iTransformer,none,1.0281574091758114,0.16719333247041768,0.7785371851968957,0.08841361240879657,3.7015683646182933,6
ExchangeRate,mixed,0.3,192,saits,iTransformer,none,3362556.5804878525,7333594.107883152,459.1175768633923,1011.9221493778995,51191610.26496,6
ExchangeRate,mixed,0.3,192,simple,iTransformer,linear,0.5809770030190188,0.01529308615681666,0.481155646433792,0.008666178298447869,1.4441384087245626,6
ExchangeRate,mixed,0.3,336,coifnet,iTransformer,none,0.767988356384071,0.05721766782064973,0.6122627605994543,0.039997076087457235,1.6042227820233181,6
ExchangeRate,mixed,0.3,336,crib,iTransformer,none,0.8602238763291558,0.15184668477956176,0.6434047799389643,0.0679677762920965,3.9656189669359905,6
ExchangeRate,mixed,0.3,336,misstsm,iTransformer,none,1.3836613458556097,0.16666768771042548,0.9149143164222305,0.07509883595425988,3.9656189669359914,6
ExchangeRate,mixed,0.3,336,saits,iTransformer,none,0.877350253699062,0.28800129088835136,0.6621406733452737,0.06974690859854617,4.010502261084479,6
ExchangeRate,mixed,0.3,336,simple,iTransformer,linear,0.7163287763660019,0.018750984747498506,0.5796449846244074,0.009852978921803326,1.5479568460503141,6
ExchangeRate,mixed,0.3,720,coifnet,iTransformer,none,1.5450964546203612,0.2779094914501256,0.9351002474625906,0.0798912153769538,1.9502820118268331,6
ExchangeRate,mixed,0.3,720,crib,iTransformer,none,1.9866266163190203,0.5385277531020245,1.0173012924194336,0.125873489320377,4.7843446938196825,6
ExchangeRate,mixed,0.3,720,misstsm,iTransformer,none,2.0422731399536134,0.44097768713591723,1.1345971751213073,0.12697058577887982,4.7843446938196825,6
ExchangeRate,mixed,0.3,720,saits,iTransformer,none,1.124548431634903,0.21351120250700809,0.8197128136952717,0.07759765105355318,3.704099040031433,6
ExchangeRate,mixed,0.3,720,simple,iTransformer,linear,1.1282398474216462,0.08881419434609485,0.7869774337609609,0.03048965563125547,1.858927209377289,6
ExchangeRate,none,0.0,96,baseline,DLinear,none,0.0792248249193479,0.001370097446609697,0.19889270422163974,0.0005586361589696792,0.0,3
ExchangeRate,none,0.0,96,baseline,PatchTST,none,0.08595047733477885,0.0030219803150812394,0.2055986127938224,0.0036902490132059455,0.0,3
ExchangeRate,none,0.0,96,baseline,iTransformer,none,0.10417436780442905,0.007662787183291521,0.22769749432467346,0.00897570943971773,0.0,3
ExchangeRate,none,0.0,336,baseline,DLinear,none,0.2898031197958164,0.030715995003259108,0.4061330288380116,0.02354607452923749,0.0,3
ExchangeRate,none,0.0,336,baseline,PatchTST,none,0.34984768484089823,0.011705982234337248,0.428469507678135,0.007610020604284692,0.0,3
ExchangeRate,none,0.0,336,baseline,iTransformer,none,0.3600768100570988,0.010306371827476466,0.4364959263318294,0.007276451669449125,0.0,3
ExchangeRate,variable_channel,0.1,96,coifnet,iTransformer,none,0.491093735402443,0.027884402766159114,0.4029971143502868,0.031672613474233925,3.5227182962921226,6
ExchangeRate,variable_channel,0.1,96,crib,iTransformer,none,0.4978124759951781,0.03517884935488953,0.40633654990669493,0.03256328891053454,3.5227925906913558,6
ExchangeRate,variable_channel,0.1,96,misstsm,iTransformer,none,0.7614058258381676,0.13439978692088797,0.6601203936762577,0.08400820409628817,3.5227925906913558,6
ExchangeRate,variable_channel,0.1,96,saits,iTransformer,none,1682085.5995508332,4080047.65772869,145.74090372840786,319.59882068819326,15242440.780116832,6
ExchangeRate,variable_channel,0.1,96,simple,iTransformer,linear,0.47120418480496284,0.00876368205094114,0.37905110362986943,0.005377810341176194,3.5227925906913558,6
ExchangeRate,variable_channel,0.1,192,coifnet,iTransformer,none,0.5807151720825448,0.03809471333034087,0.4862729761016417,0.029474020587199914,3.643506056573018,6
ExchangeRate,variable_channel,0.1,192,crib,iTransformer,none,0.6007216833681467,0.05315494096686983,0.49642352275101537,0.0367004838992806,3.6438838353597496,6
ExchangeRate,variable_channel,0.1,192,misstsm,iTransformer,none,1.08704742513986,0.20799259486192143,0.7955430809513154,0.09909876286743827,3.6438838353597496,6
ExchangeRate,variable_channel,0.1,192,saits,iTransformer,none,24830368.02685536,56756406.833966464,740.3002462115991,1235.142147889148,212149748.60898829,6
ExchangeRate,variable_channel,0.1,192,simple,iTransformer,linear,0.5586860225382578,0.014035797972227348,0.46776691545923077,0.010263644350807323,3.6438838353597496,6
ExchangeRate,variable_channel,0.1,336,coifnet,iTransformer,none,0.7733916719486046,0.04629165636905468,0.618292471712774,0.03160300246993216,3.91317992113732,6
ExchangeRate,variable_channel,0.1,336,crib,iTransformer,none,0.8844821310795106,0.15469650443095923,0.6513602220797324,0.06370841876295069,3.913861694368156,6
ExchangeRate,variable_channel,0.1,336,misstsm,iTransformer,none,1.3553362861946896,0.16666760481480447,0.9109809817494573,0.06188673623150819,3.913861694368156,6
ExchangeRate,variable_channel,0.1,336,saits,iTransformer,none,4840115.358130924,9726553.307611601,310.79003273595026,526.753787091603,44120456.217323445,6
ExchangeRate,variable_channel,0.1,336,simple,iTransformer,linear,0.7100089138692564,0.02669640607349475,0.57599911469597,0.017284915999545264,3.913861694368156,6
ExchangeRate,variable_channel,0.1,720,coifnet,iTransformer,none,1.6991684591770173,0.45962500261505373,0.9655478417873381,0.11702708205496097,4.715903004805247,6
ExchangeRate,variable_channel,0.1,720,crib,iTransformer,none,1.945116804440816,0.6349876333314561,1.0150966068108878,0.15374389822652892,4.717904273668926,6
ExchangeRate,variable_channel,0.1,720,misstsm,iTransformer,none,2.0747286534309386,0.4472858220826883,1.1460072096188862,0.13025989808758665,4.717904273668925,6
ExchangeRate,variable_channel,0.1,720,saits,iTransformer,none,424416.9915793594,799352.9581606353,112.00524501562118,188.15389861569645,3766540.447033489,6
ExchangeRate,variable_channel,0.1,720,simple,iTransformer,linear,1.2066682449976605,0.07278810670838488,0.817487725019455,0.022134858681166086,4.717904273668925,6
ExchangeRate,variable_channel,0.3,96,coifnet,iTransformer,none,0.8652677252498013,0.020668111416339605,0.5417863938134261,0.015015745501014238,3.5957846496435586,6
ExchangeRate,variable_channel,0.3,96,crib,iTransformer,none,0.8722964976164286,0.020921270359360124,0.5488777320259967,0.01430421224724494,3.5959110393952787,6
ExchangeRate,variable_channel,0.3,96,misstsm,iTransformer,none,0.9692963870723598,0.08192126512449902,0.741376668884513,0.05276156389543119,3.5959110393952787,6
ExchangeRate,variable_channel,0.3,96,saits,iTransformer,none,976321.0837741307,2337121.5948279244,190.83437069703578,394.2678966080682,5270633.132986676,6
ExchangeRate,variable_channel,0.3,96,simple,iTransformer,linear,0.8624467202340173,0.02029910319449475,0.5357634731557931,0.009024594402079528,3.595911039395279,6
ExchangeRate,variable_channel,0.3,192,coifnet,iTransformer,none,0.9384265852022361,0.025157002920337155,0.61889413771141,0.019389448466325742,3.7270612903388147,6
ExchangeRate,variable_channel,0.3,192,crib,iTransformer,none,0.9638112523708956,0.05268338914154683,0.6351504951835157,0.03379848974841083,3.727323566095896,6
ExchangeRate,variable_channel,0.3,192,misstsm,iTransformer,none,1.3417948594533773,0.2175644540624837,0.888585907986844,0.0915668864620065,3.727323566095896,6
ExchangeRate,variable_channel,0.3,192,saits,iTransformer,none,97364.75722229994,237051.42908172237,61.71920678330712,135.32413742356235,481465.61364008434,6
ExchangeRate,variable_channel,0.3,192,simple,iTransformer,linear,0.924815750505072,0.012624367024925713,0.6078365364347595,0.002708107680058159,3.727323566095896,6
ExchangeRate,variable_channel,0.3,336,coifnet,iTransformer,none,1.0890261481205623,0.05607595486168718,0.725153183346396,0.03395967310758074,3.994835717989518,6
ExchangeRate,variable_channel,0.3,336,crib,iTransformer,none,1.1805291951776624,0.10809997182882092,0.7639528876757837,0.04640040360369446,3.995679982342162,6
ExchangeRate,variable_channel,0.3,336,misstsm,iTransformer,none,1.4848751584151845,0.1512115936386391,0.9588912491862839,0.05481133299342743,3.995679982342162,6
ExchangeRate,variable_channel,0.3,336,saits,iTransformer,none,281143.44940460526,688455.4546430286,78.2052736613933,185.9146071876844,1144259.091314754,6
ExchangeRate,variable_channel,0.3,336,simple,iTransformer,linear,1.0418572746687107,0.026362691465964153,0.6946542824173833,0.011426575008888438,3.995679982342162,6
ExchangeRate,variable_channel,0.3,720,coifnet,iTransformer,none,1.7981214817365008,0.35339602372943674,1.0073294480641684,0.08474318368477919,4.80669446627299,6
ExchangeRate,variable_channel,0.3,720,crib,iTransformer,none,2.026473188400269,0.40523217909316667,1.0575964514414469,0.09718424071616401,4.807413287162781,6
ExchangeRate,variable_channel,0.3,720,misstsm,iTransformer,none,1.8850551160176596,0.48294434493368366,1.0908741227785745,0.1356871929782067,4.80741328716278,6
ExchangeRate,variable_channel,0.3,720,saits,iTransformer,none,22378856.379997354,49407592.15949408,773.6287782486279,1192.3154497609023,94680314.44775474,6
ExchangeRate,variable_channel,0.3,720,simple,iTransformer,linear,1.4588123611609143,0.038413562233707996,0.904672798315684,0.010243325271376244,4.807413287162781,6
Traffic,continuous_segment,0.1,96,coifnet,iTransformer,none,0.6140371893719384,0.007471300549236194,0.3542738148385342,0.0007673803042948374,3.0969604749281623,3
Traffic,continuous_segment,0.1,96,crib,iTransformer,none,0.6154915574587164,0.011677948369244613,0.34594689895607544,0.00632623907637229,1.4772741856314369,6
Traffic,continuous_segment,0.1,96,misstsm,iTransformer,none,0.6893546568934309,0.058679562062822876,0.3779430017057077,0.02901426553923466,1.4772741856314369,6
Traffic,continuous_segment,0.1,96,saits,DLinear,none,0.6444083854243371,0.001519209206445671,0.3941760088770258,0.0016385849661006064,0.9018078895735706,3
Traffic,continuous_segment,0.1,96,saits,PatchTST,none,0.5331135064232576,0.002845646489864915,0.3408610862892043,0.0014862645300648082,0.5655772344521512,3
Traffic,continuous_segment,0.1,96,saits,iTransformer,none,0.429616906597534,0.0020556429697616055,0.29398109744152484,0.0006611980251408851,0.5848271426775212,3
Traffic,continuous_segment,0.1,96,simple,DLinear,linear,0.6945900752755012,0.0009783704562635273,0.4288851674677047,6.40315156437195e-05,2.258325533432865,3
Traffic,continuous_segment,0.1,96,simple,PatchTST,linear,0.5252511319094836,0.0018708223870214733,0.30867294681078056,0.00013045231490269922,2.258325533432865,3
Traffic,continuous_segment,0.1,96,simple,iTransformer,linear,0.4454634629208149,0.0013793158027299835,0.30711756120256356,0.0006823164326285226,2.258325533432865,6
Traffic,continuous_segment,0.1,336,coifnet,iTransformer,none,0.6435730181215942,0.011071808643179836,0.36002161444015707,0.004357339846776835,2.6832027337932836,3
Traffic,continuous_segment,0.1,336,crib,iTransformer,none,0.6615462497901415,0.009038979942981827,0.3657239574272176,0.0013273817376881364,1.499005035628171,3
Traffic,continuous_segment,0.1,336,misstsm,iTransformer,none,0.709105395970382,0.014959531985086491,0.38194379588750405,0.005270463844616469,1.499005035628171,3
Traffic,continuous_segment,0.1,336,saits,DLinear,none,0.6124885007903332,0.0010964654099278298,0.3746921449696298,0.0015478538176253924,0.5918540024757385,3
Traffic,continuous_segment,0.1,336,saits,PatchTST,none,0.5428374995834871,0.007927208649960056,0.334248853418145,0.01672312521312609,0.5683450993465313,3
Traffic,continuous_segment,0.1,336,saits,iTransformer,none,0.4642849028579832,0.001680698514777288,0.30763933662354476,0.001004718840198654,0.5959715020249835,3
Traffic,continuous_segment,0.1,336,simple,DLinear,linear,0.6694898558288734,0.0004931867327307276,0.4220858897311794,0.0004331111355671464,2.300498479733004,3
Traffic,continuous_segment,0.1,336,simple,PatchTST,linear,0.539055689914333,0.003592327026300047,0.3169233855800679,0.001216296349768501,2.300498479733004,3
Traffic,continuous_segment,0.1,336,simple,iTransformer,linear,0.47793500309541154,0.0013780853684794844,0.31911093944639674,0.000986745446307978,2.300498479733004,3
Traffic,continuous_segment,0.3,96,coifnet,iTransformer,none,0.6527526814045123,0.008676467194089005,0.375303086959891,0.003691010650639279,2.908793116907424,3
Traffic,continuous_segment,0.3,96,crib,iTransformer,none,0.6534753998644239,0.0031303148932813846,0.35999363400751117,0.001421026297048974,1.476471806951358,6
Traffic,continuous_segment,0.3,96,misstsm,iTransformer,none,0.6245214203498954,0.010816651347011638,0.3483745903547594,0.003176333488331597,1.476471806951358,9
Traffic,continuous_segment,0.3,96,saits,DLinear,none,0.6141216881278667,0.000655490071862787,0.37331044116562434,0.00042034181528214775,1.3582443258481938,3
Traffic,continuous_segment,0.3,96,saits,PatchTST,none,0.6040560490099496,0.10785127912029564,0.3758464708509766,0.04410908820950785,1.7428756898906304,3
Traffic,continuous_segment,0.3,96,saits,iTransformer,none,0.4514756999986238,0.002338330876882297,0.3000519853501625,0.004889891422188977,0.6420997615585448,3
Traffic,continuous_segment,0.3,96,simple,DLinear,linear,0.7689361687693262,0.00044679456821332023,0.47229313391950317,0.0004124553987174452,2.2065548486742173,3
Traffic,continuous_segment,0.3,96,simple,PatchTST,linear,0.5795461110105277,0.003928028617322437,0.3402731146563432,0.0008389811279326494,2.2065548486742173,3
Traffic,continuous_segment,0.3,96,simple,iTransformer,linear,0.49118364142347626,0.0017182241368115464,0.32935129438393757,0.00045002351529269824,2.2065548486742173,6
Traffic,continuous_segment,0.3,336,coifnet,iTransformer,none,0.6898106602546111,0.004707048785318808,0.38224783093910525,0.002659397989197987,2.5420782139795657,3
Traffic,continuous_segment,0.3,336,crib,iTransformer,none,0.7047128865599945,0.0027843874765508298,0.3877876020917117,0.0052785323578452776,1.4982484217891543,3
Traffic,continuous_segment,0.3,336,misstsm,iTransformer,none,0.6616868330237121,0.006881277858247106,0.36335340354699164,0.0008950270991528311,1.4982484217891543,3
Traffic,continuous_segment,0.3,336,saits,DLinear,none,0.6054440414248489,0.001976546567631662,0.3671187115466501,0.002144316774202137,0.8150158134908501,3
Traffic,continuous_segment,0.3,336,saits,PatchTST,none,0.5874971483886399,0.02895907391393091,0.37513686382864403,0.03265695097708808,0.8255684435899489,3
Traffic,continuous_segment,0.3,336,saits,iTransformer,none,0.49288393901714816,0.008188126667374245,0.31973751586253246,0.010456857956437108,0.6343810572461507,3
Traffic,continuous_segment,0.3,336,simple,DLinear,linear,0.7610845836128775,0.0003971061572522949,0.4734616684100134,0.00020008974129413597,2.2464667828126843,3
Traffic,continuous_segment,0.3,336,simple,PatchTST,linear,0.5945151710009637,0.004519663604096608,0.34917641096540636,0.0028635856036766877,2.246466782812684,3
Traffic,continuous_segment,0.3,336,simple,iTransformer,linear,0.5232836819445993,0.0014997359468932926,0.3420061070399647,0.0007279407956131207,2.246466782812684,3
Traffic,mixed,0.3,96,misstsm,iTransformer,none,0.699665496755426,0.017579601384689093,0.38492389644512964,0.009089732315185587,1.4780973906980135,3
Traffic,none,0.0,96,baseline,DLinear,none,0.6513265128947863,0.0008035484527621902,0.3993313490559032,0.0003339357280906024,0.0,3
Traffic,none,0.0,96,baseline,PatchTST,none,0.49688149615576815,0.0051975038224338545,0.2928720620389448,0.0004875760399994783,0.0,3
Traffic,none,0.0,96,baseline,iTransformer,none,0.4197509767021302,0.0017300752645906074,0.2928255343681548,0.00017753639864447973,0.0,3
Traffic,none,0.0,336,baseline,DLinear,none,0.6081178268172297,0.0003837058711046975,0.37706376408654557,0.0006506494738579288,0.0,3
Traffic,none,0.0,336,baseline,PatchTST,none,0.5239475588160237,0.005069033895507903,0.31085776564330253,0.00793416625751376,0.0,3
Traffic,none,0.0,336,baseline,iTransformer,none,0.4530082345697198,0.00020098777972910476,0.30488132456781986,0.0006020791211130989,0.0,3
Traffic,random_point,0.1,96,coifnet,iTransformer,none,0.6064791825063174,0.006169109954800157,0.35488728141133064,0.0007214392145386209,2.906296541459273,3
Traffic,random_point,0.1,96,crib,iTransformer,none,0.612984316962239,0.0015447253937962283,0.34658752388346775,0.005307466811112886,1.4776269626012368,6
Traffic,random_point,0.1,96,misstsm,iTransformer,none,0.8912144714940053,0.26319233680820486,0.471885961157453,0.12640630986971704,1.4776269626012368,6
Traffic,random_point,0.1,96,saits,DLinear,none,0.6223917991373816,0.0008028336953865709,0.38385105645034073,0.0011606439523104495,0.9774729451009155,3
Traffic,random_point,0.1,96,saits,PatchTST,none,0.5198312023082788,0.005219375190496119,0.3056137096131354,0.01383559884141974,0.5881229436764082,3
Traffic,random_point,0.1,96,saits,iTransformer,none,0.4253308144472121,0.003598645772531334,0.2939665693373375,0.0027506641639776183,0.6376670964524012,3
Traffic,random_point,0.1,96,simple,DLinear,linear,0.6597077285911817,0.0008694519236603723,0.40406541168078847,9.804155787854428e-05,0.25824610962045663,3
Traffic,random_point,0.1,96,simple,PatchTST,linear,0.5041840153010431,0.003728111201526371,0.2964483350471731,0.0010649187569040947,0.25824610962045663,3
Traffic,random_point,0.1,96,simple,iTransformer,linear,0.4237483100928348,0.0006385811508083487,0.2954416518911843,0.00022053972782361438,0.25824610962045663,6
Traffic,random_point,0.1,336,coifnet,iTransformer,none,0.633239418240044,0.006220301347354179,0.36169857826132784,0.0029619729251872564,2.686350433845219,3
Traffic,random_point,0.1,336,crib,iTransformer,none,0.652216133458095,0.01066767247747994,0.3616202580960091,0.0029987542465234316,1.4983653167414228,3
Traffic,random_point,0.1,336,misstsm,iTransformer,none,0.7121729637756747,0.019312882280050504,0.3912596557396917,0.008745449248713857,1.4983653167414228,3
Traffic,random_point,0.1,336,saits,DLinear,none,0.5960760105563586,0.0004198258914552222,0.36895172599732406,0.0009563854478224743,0.7719865593885187,3
Traffic,random_point,0.1,336,saits,PatchTST,none,0.5364617216555778,0.007505972344584038,0.3170372951437482,0.009236769526278896,0.5799170733687133,3
Traffic,random_point,0.1,336,saits,iTransformer,none,0.45586926893299334,0.001069536834936052,0.3054620172846036,0.0010941967918356539,0.6587576925598104,3
Traffic,random_point,0.1,336,simple,DLinear,linear,0.6146800913773184,0.0005038701969655526,0.3808769295159287,0.0006895791815666088,0.26201597823558515,3
Traffic,random_point,0.1,336,simple,PatchTST,linear,0.5287695642406233,0.004768628976939121,0.3122703030603764,0.01040401961919095,0.26201597823558515,3
Traffic,random_point,0.1,336,simple,iTransformer,linear,0.4564805251093987,0.0001519008725601908,0.30680296409787156,0.0005506604026315954,0.26201597823558515,3
Traffic,random_point,0.3,96,coifnet,iTransformer,none,0.609602325517646,0.0037377311844605564,0.35915218751683015,0.0055500837012814235,3.0441149679377584,3
Traffic,random_point,0.3,96,crib,iTransformer,none,0.6142969716054861,0.008355620090656555,0.3461496972176667,0.005724212550747223,1.4769873262557127,6
Traffic,random_point,0.3,96,misstsm,iTransformer,none,0.8368272967080248,0.19307329209079527,0.4473745360497791,0.09309430969716488,1.476987326255713,9
Traffic,random_point,0.3,96,saits,DLinear,none,0.5772534087438476,0.0016051822542596838,0.35659326150278864,0.0005365087755993188,1.2747338225167806,3
Traffic,random_point,0.3,96,saits,PatchTST,none,0.5229336471427296,0.008627675610740699,0.31353341442832366,0.021171285204471587,0.6577396911897561,3
Traffic,random_point,0.3,96,saits,iTransformer,none,0.43742127574438466,0.0020652408628159006,0.2970371976138441,0.0008555298645815793,0.6801360287103145,3
Traffic,random_point,0.3,96,simple,DLinear,linear,0.6816469428945368,0.0012098198084890721,0.41586527905852816,0.0008097144268813125,0.34550842393995085,3
Traffic,random_point,0.3,96,simple,PatchTST,linear,0.5214429147886962,0.0027315581644660647,0.30594480527558515,0.0007411538668614088,0.34550842393995085,3
Traffic,random_point,0.3,96,simple,iTransformer,linear,0.43727007326467726,0.0008850769485829849,0.30227995202737995,4.5255171849956336e-05,0.34550842393995085,6
Traffic,random_point,0.3,336,coifnet,iTransformer,none,0.6459809680247869,0.015243920570702207,0.3620175567386657,0.004494069303758009,2.6212160004092637,3
Traffic,random_point,0.3,336,crib,iTransformer,none,0.6695813416308306,0.006880769026090695,0.36860579565754087,0.0019120560397500332,1.4979142177887164,3
Traffic,random_point,0.3,336,misstsm,iTransformer,none,0.6965023233759121,0.011203249746038148,0.38236980763633105,0.011061508694035913,1.4979142177887164,3
Traffic,random_point,0.3,336,saits,DLinear,none,0.5738207777028322,0.0009376369562400156,0.35527156562004186,0.0012531867970003727,0.8706767389154809,3
Traffic,random_point,0.3,336,saits,PatchTST,none,0.5316374134454201,0.00310010798092974,0.3324811562215249,0.011469775600915486,0.6248868380318789,3
Traffic,random_point,0.3,336,saits,iTransformer,none,0.4691134466837084,0.00040122906789692264,0.31052960218094156,0.0013948187154444638,0.6525210442693216,3
Traffic,random_point,0.3,336,simple,DLinear,linear,0.6350582320045611,0.0005366973488072873,0.3924689190781961,0.0009598908416629948,0.3513827677004606,3
Traffic,random_point,0.3,336,simple,PatchTST,linear,0.5438784667888651,0.0030732101736220645,0.32107714843249385,0.011307425454367484,0.3513827677004606,3
Traffic,random_point,0.3,336,simple,iTransformer,linear,0.4686573209286988,0.0005773603419938158,0.3134814446366678,0.0007421596396754307,0.3513827677004606,3
Traffic,variable_channel,0.3,96,misstsm,iTransformer,none,0.7410445437191638,0.018582989932426804,0.41799442157214767,0.013474711045793107,1.478323106715713,3
Weather,continuous_segment,0.1,96,coifnet,iTransformer,none,0.15992801457629244,0.0015097378982276346,0.20863071827487512,0.0010618442097568043,0.22544256034570961,3
Weather,continuous_segment,0.1,96,crib,iTransformer,none,0.16398349832134115,0.0034660104973215323,0.21376651862372578,0.0037825604663540018,0.632330331999053,6
Weather,continuous_segment,0.1,96,misstsm,iTransformer,none,0.1919137631722647,0.00790469214345398,0.2629725439574742,0.007336460333883713,0.6323303319990531,6
Weather,continuous_segment,0.1,96,saits,DLinear,none,0.1903849065769835,0.0008854547565880588,0.25265134264640265,0.002359107301341021,0.479350666605496,3
Weather,continuous_segment,0.1,96,saits,PatchTST,none,470319017.918974,810281863.9130185,2637.6742892789257,3956.9657172075927,1151540031019.506,3
Weather,continuous_segment,0.1,96,saits,iTransformer,none,0.167628876392933,0.0009114367080448536,0.21352873865413344,0.000522777623851655,0.24171371423439184,3
Weather,continuous_segment,0.1,96,simple,DLinear,linear,0.20193520496959452,0.004239908280702537,0.2628829057163003,0.0061149949169491714,0.11514793409143687,3
Weather,continuous_segment,0.1,96,simple,PatchTST,linear,0.16523902067085078,0.003313600453505705,0.21087637045784055,0.002911930672585575,0.11514793409143687,3
Weather,continuous_segment,0.1,96,simple,iTransformer,linear,0.17549031377504445,0.00266026345299848,0.21697433617614534,0.0026323053952387724,0.11514793409143688,6
Weather,continuous_segment,0.1,336,coifnet,iTransformer,none,0.28069565968246374,0.003976701668986082,0.3061038557579368,0.001707992449404237,0.2489416668218626,3
Weather,continuous_segment,0.1,336,crib,iTransformer,none,0.28172300153944435,0.006762109640925235,0.30666262674775563,0.003765358642099689,0.6288171118193157,3
Weather,continuous_segment,0.1,336,misstsm,iTransformer,none,0.29772146220458756,0.0050474429949747286,0.34631962591617027,0.003786075881598879,0.6288171118193157,3
Weather,continuous_segment,0.1,336,saits,DLinear,none,0.28089416169972276,0.0018769857143766853,0.3321271462123534,0.0021446404819819337,0.42567477998791153,3
Weather,continuous_segment,0.1,336,saits,PatchTST,none,31285197333.612804,43974249381.2375,34719.08173972863,36903.921624607974,78859925408672.27,3
Weather,continuous_segment,0.1,336,saits,iTransformer,none,0.27850595149810103,0.003650294254829779,0.3061795663623352,0.0036041495456418052,0.35942420765852473,3
Weather,continuous_segment,0.1,336,simple,DLinear,linear,0.2908675759636497,0.0031369045185876297,0.34517235038678823,0.005406697962012479,0.11652492532908439,3
Weather,continuous_segment,0.1,336,simple,PatchTST,linear,0.26563057095401327,0.000603852298098293,0.29220948815053727,0.0007837119102200702,0.11652492532908439,3
Weather,continuous_segment,0.1,336,simple,iTransformer,linear,0.2797604270334164,0.002457336053806409,0.298846952381349,0.0012831892607603438,0.11652492532908439,3
Weather,continuous_segment,0.3,96,coifnet,iTransformer,none,0.16298647894896595,0.0005823574116465081,0.21038768554353934,0.0007983286272975718,0.26015413525559333,3
Weather,continuous_segment,0.3,96,crib,iTransformer,none,0.1679262097950508,0.0005447831583831099,0.21627804936262454,0.000724069570848689,0.6325138307994911,6
Weather,continuous_segment,0.3,96,misstsm,iTransformer,none,0.20352707162929792,0.004594376289683169,0.269433814029441,0.002860322860554031,0.6325138307994913,9
Weather,continuous_segment,0.3,96,saits,DLinear,none,0.1846726965843366,0.0014983954582953615,0.25335931349584356,0.0034907828276101644,0.29922331904221783,3
Weather,continuous_segment,0.3,96,saits,PatchTST,none,0.1692258583257239,0.010262581847926677,0.22068134462774436,0.004411607040100295,0.38733576368549444,3
Weather,continuous_segment,0.3,96,saits,iTransformer,none,0.17884250970592105,0.003226793567115823,0.2366590188529972,0.004598591598751998,0.43338271654144855,3
Weather,continuous_segment,0.3,96,simple,DLinear,linear,0.20391817664308795,0.001656686755460776,0.26570385113008976,0.0019327504945387617,0.13018234256058764,3
Weather,continuous_segment,0.3,96,simple,PatchTST,linear,0.17025725920842905,0.003691177742069962,0.2167028735504589,0.0022349885156070864,0.13018234256058764,3
Weather,continuous_segment,0.3,96,simple,iTransformer,linear,0.1875572392581771,0.0037099536330860235,0.2284981154665073,0.0033383699854028213,0.1301823425605876,6
Weather,continuous_segment,0.3,336,coifnet,iTransformer,none,0.274950480971211,0.0025159227649122536,0.30222907577993124,0.0009409319944798834,0.24171789711730338,3
Weather,continuous_segment,0.3,336,crib,iTransformer,none,0.28744396433689307,0.0027127801400712733,0.3093650604645528,0.0014854737302575636,0.6286518223706596,3
Weather,continuous_segment,0.3,336,misstsm,iTransformer,none,0.31607281030558027,0.021625545012774337,0.36274213789336024,0.01325665139349684,0.6286518223706596,3
Weather,continuous_segment,0.3,336,saits,DLinear,none,0.2741474571053584,0.0031985985161436946,0.3302015494739583,0.0059837092855946775,0.3063364515998834,3
Weather,continuous_segment,0.3,336,saits,PatchTST,none,338278.35928849044,481300.72996500554,175.06822226931024,227.89880862037185,1175566858.407249,3
Weather,continuous_segment,0.3,336,saits,iTransformer,none,0.28984104837445324,0.005561853929950306,0.3280829054418,0.005200098028900203,0.6008219148566398,3
Weather,continuous_segment,0.3,336,simple,DLinear,linear,0.29880483294164123,0.0025881467145201457,0.350967136792998,0.0027260155562688466,0.1315407673778262,3
Weather,continuous_segment,0.3,336,simple,PatchTST,linear,0.26974584722993966,0.0003059550581337549,0.29574487919163395,0.001226286062906743,0.1315407673778262,3
Weather,continuous_segment,0.3,336,simple,iTransformer,linear,0.2886593184789645,0.00025239396804796726,0.304975135603236,0.0007340120765764361,0.1315407673778262,3
Weather,mixed,0.3,96,misstsm,iTransformer,none,0.21030441652897233,0.003109169764175166,0.2785009792514142,0.005591059314294606,0.6321566488709731,3
Weather,none,0.0,96,baseline,DLinear,none,0.19729045147490268,0.005582839481277935,0.2576560043957657,0.008415229960471515,0.0,3
Weather,none,0.0,96,baseline,PatchTST,none,0.162948281005636,0.0012969154078392936,0.20890843027113956,0.0015261405561639617,0.0,3
Weather,none,0.0,96,baseline,iTransformer,none,0.173620657563609,0.002994434528400292,0.21412800785379393,0.0032573494936917985,0.0,3
Weather,none,0.0,336,baseline,DLinear,none,0.2893938773561883,0.00287846875435143,0.3441579219233108,0.0052099853743651685,0.0,3
Weather,none,0.0,336,baseline,PatchTST,none,0.2678829864682315,0.002797461677221342,0.294457483657645,0.003620559326209527,0.0,3
Weather,none,0.0,336,baseline,iTransformer,none,0.278145726475084,0.002172913855363935,0.297084640183325,0.0023264225532945697,0.0,3
Weather,random_point,0.1,96,coifnet,iTransformer,none,0.16273247091245555,0.0022920082503993457,0.2135605674393348,0.002399850901796532,0.18917477372180755,3
Weather,random_point,0.1,96,crib,iTransformer,none,0.16570316182952644,0.00301561727729459,0.21569248980191483,0.002365522748505438,0.6335770124508011,6
Weather,random_point,0.1,96,misstsm,iTransformer,none,0.18261137651982481,0.003126249255895723,0.2505390368258152,0.008330897854384048,0.6335770124508011,6
Weather,random_point,0.1,96,saits,DLinear,none,0.17504356103934834,0.003147699917548468,0.23823931773769927,0.001676443377954197,2.7371554967317357,3
Weather,random_point,0.1,96,saits,PatchTST,none,0.1663062340756324,0.003356492364166509,0.21930697977742605,0.005018622507300974,0.8216533535464027,3
Weather,random_point,0.1,96,saits,iTransformer,none,0.17535019792474893,0.006615279611102145,0.22787691668039764,0.00654620665820698,2.247176699097578,3
Weather,random_point,0.1,96,simple,DLinear,linear,0.19682462775423817,0.0021899320455856116,0.25621991471771,0.003290613817087955,0.039078729143905665,3
Weather,random_point,0.1,96,simple,PatchTST,linear,0.16574203917640465,0.0018596794439059683,0.21399238235512588,0.0018600620118615048,0.039078729143905665,3
Weather,random_point,0.1,96,simple,iTransformer,linear,0.1760876248265941,0.0005088841777468702,0.21790447444346642,0.0015191268813480765,0.039078729143905665,6
Weather,random_point,0.1,336,coifnet,iTransformer,none,0.27483335708298556,0.002943288330266528,0.303386233932692,0.003273427808227438,0.19903131948320688,3
Weather,random_point,0.1,336,crib,iTransformer,none,0.2901708860286754,0.0056154695403847,0.31328940314442894,0.003197504780644251,0.629023090235143,3
Weather,random_point,0.1,336,misstsm,iTransformer,none,0.2980109204892412,0.00274465601043306,0.3453967758395519,0.004952849967115006,0.629023090235143,3
Weather,random_point,0.1,336,saits,DLinear,none,0.2763422935008613,0.009157426569716772,0.3288974592659611,0.004745463403823565,4.493034811360996,3
Weather,random_point,0.1,336,saits,PatchTST,none,0.26430244039286005,0.004465182499439736,0.3059052732125929,0.00797232797600347,2.8399643901183715,3
Weather,random_point,0.1,336,saits,iTransformer,none,0.29179205632026767,0.014746295326303106,0.33092033967811374,0.01421540518700213,3.8430079484129975,3
Weather,random_point,0.1,336,simple,DLinear,linear,0.2909246764462621,0.002498345333313364,0.3459983571339292,0.004791188580132733,0.03935927709851431,3
Weather,random_point,0.1,336,simple,PatchTST,linear,0.26752982630598066,0.0015787940069285496,0.2969191204658544,0.002491591823950916,0.03935927709851431,3
Weather,random_point,0.1,336,simple,iTransformer,linear,0.2746324675779765,0.001390680961023743,0.29638003614551195,0.0010870797483634022,0.03935927709851431,3
Weather,random_point,0.3,96,coifnet,iTransformer,none,0.16307166286284833,0.0019442515932035225,0.21418971182608768,0.0035867327995550325,0.19194279893975955,3
Weather,random_point,0.3,96,crib,iTransformer,none,0.16314422105019488,0.0024685720027436435,0.2137847788428621,0.002429856308895017,0.6334280797619939,6
Weather,random_point,0.3,96,misstsm,iTransformer,none,0.19168919581288027,0.003555463926061542,0.2609493183256508,0.006036578072475331,0.6334280797619939,9
Weather,random_point,0.3,96,saits,DLinear,none,0.17990090958482818,0.02083033226594052,0.24227635415714666,0.009002354214563664,0.6472827253224501,3
Weather,random_point,0.3,96,saits,PatchTST,none,0.16552719121080503,0.00727203116074994,0.22837532438196328,0.010813761451435578,0.43225566971662494,3
Weather,random_point,0.3,96,saits,iTransformer,none,0.1778832957678783,0.01107180632227799,0.2425416696161027,0.012400523390315384,0.5927924393547082,3
Weather,random_point,0.3,96,simple,DLinear,linear,0.20250941045892587,0.0015524825185122574,0.2655303869328089,0.004048232256783254,0.046134257695835436,3
Weather,random_point,0.3,96,simple,PatchTST,linear,0.16801178794510538,0.002513986117369697,0.21844993152362754,0.001610794419303667,0.046134257695835436,3
Weather,random_point,0.3,96,simple,iTransformer,linear,0.17422679890394785,0.0031324822937075798,0.21874634267345314,0.0030756790885632873,0.046134257695835436,6
Weather,random_point,0.3,336,coifnet,iTransformer,none,0.28095039820215506,0.0054188755491963395,0.3083968829625809,0.004244632898988575,0.20955470368575177,3
Weather,random_point,0.3,336,crib,iTransformer,none,0.2881642272965729,0.006417280417525905,0.31182497428870365,0.0026569797661130045,0.628966988322588,3
Weather,random_point,0.3,336,misstsm,iTransformer,none,0.29981780517107126,0.00690327062029344,0.3488105870959768,0.009913200360620293,0.628966988322588,3
Weather,random_point,0.3,336,saits,DLinear,none,0.2726700268830619,0.012729185522720203,0.3256552466025408,0.006495543642280274,0.8416590194228659,3
Weather,random_point,0.3,336,saits,PatchTST,none,0.2757676512475071,0.011864722717869716,0.32212142645290587,0.009549050177401612,0.807133736015437,3
Weather,random_point,0.3,336,saits,iTransformer,none,0.2902426798125994,0.0075308943554314054,0.3396049336750056,0.006038416128002927,0.7546250336255471,3
Weather,random_point,0.3,336,simple,DLinear,linear,0.29448032677416974,0.0018514457835625546,0.35091649028535726,0.003745879460853337,0.04641131239534204,3
Weather,random_point,0.3,336,simple,PatchTST,linear,0.2639598666774707,0.0006501873876152087,0.29787334437154583,0.0011020646880401431,0.04641131239534204,3
Weather,random_point,0.3,336,simple,iTransformer,linear,0.2708958247937195,0.002343792664875996,0.29672151439703504,0.0005262646263731073,0.04641131239534204,3
Weather,variable_channel,0.3,96,misstsm,iTransformer,none,0.2560286633455146,0.02004359567038283,0.3123425634508024,0.02068037921574585,0.6325574025233549,3
